date,gross,net_10,net_50,turnover,model
2006-01-31,-0.0011977531125193985,-0.0016977531125193985,-0.0036977531125193986,0.5,surface_cnn
2006-02-28,0.0028524017840522477,0.0023940263851013996,0.0005605247892980078,0.45837539895084806,surface_cnn
2006-03-31,0.0007763048171076431,0.00034151199426091537,-0.0013976592971259956,0.4347928228467277,surface_cnn
2006-04-28,0.014943904861034672,0.014520643465657566,0.012827597884149146,0.42326139537710517,surface_cnn
2006-05-31,0.00960493225089953,0.009129156955358058,0.007226055773192169,0.47577529554147235,surface_cnn
2006-06-30,0.026819425718716643,0.026290107584912948,0.024172835049698166,0.5293181338036956,surface_cnn
2006-07-31,0.00261159854342847,0.0020976823817182187,0.000042017734877213865,0.5139161617102512,surface_cnn
2006-08-31,-0.0014034144867259596,-0.0018356041567187229,-0.0035643628366897762,0.4321896699927633,surface_cnn
2006-09-29,-0.008453911456380307,-0.008855556433235755,-0.010462136340657553,0.4016449768554493,surface_cnn
2006-10-31,-0.0013631886884853672,-0.001757790455810289,-0.0033361975251099763,0.3946017673249218,surface_cnn
2006-11-30,0.026456397644987244,0.026035195713316993,0.024350387986635982,0.42120193167025205,surface_cnn
2006-12-29,0.003166075780926144,0.0027714367361000667,0.001192880556795757,0.39463904482607737,surface_cnn
2007-01-31,0.012140848259266264,0.01152459827252863,0.009059598325578093,0.6162499867376342,surface_cnn
2007-02-28,0.0088859689698799,0.008385494492890291,0.006383596584931863,0.5004744769896073,surface_cnn
2007-03-30,-0.000450541857070071,-0.0009565410157726878,-0.002980537650583155,0.5059991587026168,surface_cnn
2007-04-30,0.0020080145195546404,0.0014988400181295985,-0.0005378579875705701,0.5091745014250421,surface_cnn
2007-05-31,0.0064403102046555576,0.005945331819641786,0.003965418279586698,0.4949783850137719,surface_cnn
2007-06-29,0.00894573625123267,0.008453059373186302,0.006482351861000836,0.4926768780463669,surface_cnn
2007-07-31,0.018262377010333463,0.01771794162218645,0.015540200069598392,0.5444353881470141,surface_cnn
2007-08-31,-0.014683863876329832,-0.015227945104477832,-0.017404270017069835,0.5440812281480003,surface_cnn
2007-09-28,0.000606231618332682,0.00014470380798136095,-0.0017014074334239229,0.461527810351321,surface_cnn
2007-10-31,0.021736099848833547,0.021192548049383246,0.019018340851582046,0.5435517994502999,surface_cnn
2007-11-30,0.012743736932695758,0.01222541771644966,0.010152140851465272,0.5183192162460971,surface_cnn
2007-12-31,0.023705833292642944,0.023213623492962163,0.021244784294239035,0.4922097996807817,surface_cnn
2008-01-31,0.0643891206582128,0.06375363879948037,0.06121171136455064,0.6354818587324306,surface_cnn
2008-02-29,0.033474103657576935,0.03307888756996888,0.03149802321953665,0.3952160876080567,surface_cnn
2008-03-31,0.014108923808804864,0.013702152184264946,0.012075065686105276,0.40677162453991766,surface_cnn
2008-04-30,0.023366200553498046,0.02297889315013614,0.02142966353668852,0.38730740336190506,surface_cnn
2008-05-30,0.06365801034880472,0.06325601821663926,0.061648049687977435,0.40199213216545737,surface_cnn
2008-06-30,-0.007245481127788665,-0.007677676622278069,-0.009406458600235685,0.4321954944894041,surface_cnn
2008-07-31,-0.005410787147237981,-0.005815720906128078,-0.007435455941688465,0.4049337588900968,surface_cnn
2008-08-29,0.038791805421996735,0.03845521294929748,0.037108843058500485,0.3365924726992502,surface_cnn
2008-09-30,0.06266986227686927,0.062207059408996804,0.06035584793750695,0.46280286787246416,surface_cnn
2008-10-31,0.09773557751336173,0.09725994175245085,0.09535739870880737,0.4756357609108735,surface_cnn
2008-11-28,-0.01634723660562011,-0.016757103992465983,-0.018396573539849474,0.40986738684587254,surface_cnn
2008-12-31,0.04997251997980222,0.04958854033123579,0.048052621736970086,0.38397964856642686,surface_cnn
2009-01-30,0.04319900413906193,0.04271271415606844,0.040767554224094484,0.4862899829934883,surface_cnn
2009-02-27,-0.014910779036792353,-0.015336250966727888,-0.017038138686470024,0.4254719299355342,surface_cnn
2009-03-31,-0.06260887823470204,-0.06304717491064131,-0.06480036161439838,0.4382966759392667,surface_cnn
2009-04-30,-0.009358164588131832,-0.00980216492822675,-0.011578166288606416,0.44400034009491673,surface_cnn
2009-05-29,0.017256241227168522,0.016726927229324635,0.014609671237949089,0.5293139978438869,surface_cnn
2009-06-30,-0.015093240560541468,-0.015635195998765426,-0.01780301775166126,0.5419554382239583,surface_cnn
2009-07-31,-0.01763951754084505,-0.018160056566453423,-0.020242212668886914,0.5205390256083731,surface_cnn
2009-08-31,-0.005307400079522561,-0.005775506249577106,-0.007647930929795288,0.4681061700545455,surface_cnn
2009-09-30,0.031526062416977384,0.031046728814599543,0.029129394405088188,0.47933360237783884,surface_cnn
2009-10-30,-0.0024447874630861123,-0.0030025146373311214,-0.005233423334311158,0.557727174245009,surface_cnn
2009-11-30,0.0006165723466187991,0.00006700416795876957,-0.002131268546681348,0.5495681786600295,surface_cnn
2009-12-31,-0.005736088798914725,-0.0062729384559822455,-0.008420337084252329,0.5368496570675209,surface_cnn
2010-01-29,0.006685190166848794,0.006055944059400661,0.00353895962960813,0.6292461074481328,surface_cnn
2010-02-26,-0.000568391935966671,-0.0012506141505827383,-0.003979503009047007,0.6822222146160672,surface_cnn
2010-03-31,0.00006215054387967217,-0.0005565643073609679,-0.0030314237123235284,0.6187148512406401,surface_cnn
2010-04-30,0.016150906286010708,0.015575186214785024,0.013272305929882287,0.5757200712256839,surface_cnn
2010-05-28,0.012006629197177541,0.011367922629709823,0.00881309635983895,0.6387065674677184,surface_cnn
2010-06-30,0.004406436600716426,0.0037832243762165956,0.0012903754782172738,0.6232122244998304,surface_cnn
2010-07-30,0.0040353186237993485,0.00335558125403308,0.0006366317749680072,0.6797373697662683,surface_cnn
2010-08-31,0.014322517770135528,0.01368214874968628,0.011120672667889289,0.6403690204492478,surface_cnn
2010-09-30,-0.001791347820079703,-0.0024668082866680097,-0.005168650153021237,0.6754604665883066,surface_cnn
2010-10-29,-0.0008575036661661896,-0.0015304747683488186,-0.004222359177079333,0.6729711021826288,surface_cnn
2010-11-30,0.00024772078277774095,-0.0004034934163977724,-0.003008350213099825,0.6512141991755133,surface_cnn
2010-12-31,-0.0007654132452595067,-0.001426538393612736,-0.004071038987025653,0.6611251483532292,surface_cnn
2011-01-31,0.009417656438165396,0.008707689310032539,0.005867820797501108,0.7099671281328577,surface_cnn
2011-02-28,0.0049776844179786174,0.004385011023730142,0.0020143174467362403,0.5926733942484754,surface_cnn
2011-03-31,0.0017065371125357493,0.00110859998093722,-0.0012831485454568986,0.5979371315985296,surface_cnn
2011-04-29,0.002507312140575582,0.0019283469628507926,-0.00038751374804836406,0.5789651777247892,surface_cnn
2011-05-31,0.014748166218709828,0.014161786382657318,0.011816267038447275,0.5863798360525105,surface_cnn
2011-06-30,0.004241464430910263,0.003667065386807082,0.0013694692103943598,0.5743990441031805,surface_cnn
2011-07-29,0.008577919971688419,0.008011210716220737,0.005744373694350004,0.5667092554676829,surface_cnn
2011-08-31,0.0180041300050017,0.017381940784122044,0.014893183900603416,0.6221892208796569,surface_cnn
2011-09-30,-0.00019169511379204737,-0.0007631006337234501,-0.0030487227134490605,0.5714055199314027,surface_cnn
2011-10-31,0.016122439692570142,0.015603562622619178,0.013528054342815319,0.5188770699509648,surface_cnn
2011-11-30,0.0018681983655356353,0.001249749232947103,-0.0012240472974070255,0.6184491325885322,surface_cnn
2011-12-30,-0.008839801363627872,-0.009489163731104408,-0.012086613201010548,0.649362367476535,surface_cnn
2012-01-31,0.007192437143452534,0.006575536399395101,0.0041079334231653684,0.6169007440574332,surface_cnn
2012-02-29,0.007475106451082485,0.006869739240751638,0.004448270399428248,0.6053672103308473,surface_cnn
2012-03-30,0.0135926846822085,0.013019932751781512,0.010728925030073553,0.5727519304269895,surface_cnn
2012-04-30,0.015250087382953963,0.014703815294489012,0.012518726940629207,0.5462720884649512,surface_cnn
2012-05-31,-0.005373044095143081,-0.005945346074549244,-0.008234553992173895,0.5723019794061628,surface_cnn
2012-06-29,0.018603704703448045,0.01807519553226785,0.015961158847547067,0.5285091711801956,surface_cnn
2012-07-31,0.005350833211828873,0.004776919405751538,0.0024812641814421976,0.5739138060773351,surface_cnn
2012-08-31,0.002924411981842649,0.0023896161329505527,0.000250432737382168,0.5347958488920962,surface_cnn
2012-09-28,-0.002281879260776986,-0.002809457082882343,-0.00491976837130377,0.527577822105357,surface_cnn
2012-10-31,0.00847304728484552,0.007886534552836529,0.0055404836248005625,0.5865127320089913,surface_cnn
2012-11-30,0.001119097044509303,0.0005271258880401996,-0.0018407587378362143,0.5919711564691035,surface_cnn
2012-12-31,0.0027386002984656375,0.002201704149594714,0.000054119554111018396,0.5368961488709239,surface_cnn
2013-01-31,0.00007753535729793353,-0.0005537505418450245,-0.003078894138416856,0.631285899142958,surface_cnn
2013-02-28,0.009860988313132587,0.009320984260320672,0.0071609680490730115,0.5400040528119152,surface_cnn
2013-03-28,-0.004427846877619961,-0.004975860618362088,-0.0071679155813305934,0.5480137407421264,surface_cnn
2013-04-30,-0.023097213701626797,-0.023630648843161576,-0.025764389409300696,0.5334351415347796,surface_cnn
2013-05-31,0.008996564275536186,0.008471293778877391,0.006370211792242211,0.5252704966587951,surface_cnn
2013-06-28,-0.001972182559890629,-0.0024940855012051937,-0.004581697266463455,0.521902941314565,surface_cnn
2013-07-31,0.00013470008535687193,-0.00040521433591971716,-0.0025648720210260734,0.5399144212765891,surface_cnn
2013-08-30,0.0032538541152098725,0.0027137620190661963,0.000553393634491492,0.5400920961436761,surface_cnn
2013-09-30,0.013439241892026273,0.012885591490920221,0.010670989886496016,0.5536504011060515,surface_cnn
2013-10-31,-0.00602758997837163,-0.006634140629989245,-0.009060343236459704,0.6065506516176149,surface_cnn
2013-11-29,0.004979234311764254,0.0043885632342458725,0.0020258789241723463,0.5906710775183815,surface_cnn
2013-12-31,-0.002039237201276221,-0.002606899113405555,-0.004877546761922893,0.5676619121293343,surface_cnn
2014-01-31,0.005312189245663278,0.004602061454342134,0.0017615502890575606,0.7101277913211435,surface_cnn
2014-02-28,0.013231830140516817,0.012601135691066268,0.010078357893264073,0.6306944494505488,surface_cnn
2014-03-31,0.009992039713579304,0.009329780269960572,0.006680742495485644,0.6622594436187321,surface_cnn
2014-04-30,0.010439897978857625,0.009843819957719296,0.007459507873165978,0.5960780211383294,surface_cnn
2014-05-30,-0.004699467117401775,-0.005363659820266788,-0.008020430631726841,0.6641927028650134,surface_cnn
2014-06-30,0.013382168271496075,0.012737616047146192,0.010159407149746655,0.6445522243498842,surface_cnn
2014-07-31,0.008639440070659633,0.00799338263604481,0.005409152897585528,0.6460574346148209,surface_cnn
2014-08-29,0.018838670676877035,0.018190383928632932,0.015597236935656525,0.6482867482441022,surface_cnn
2014-09-30,0.007509303299227371,0.006861107674014402,0.004268325173162526,0.648195625212969,surface_cnn
2014-10-31,0.04157608416783043,0.040894557740729934,0.03816845203232795,0.681526427100495,surface_cnn
2014-11-28,0.01736297831084087,0.016712951873012485,0.014112846121698944,0.6500264378283855,surface_cnn
2014-12-31,0.002514624510536955,0.0018997674423799314,-0.0005596608302481636,0.6148570681570238,surface_cnn
2015-01-30,0.004370168986525577,0.0036539528396117857,0.0007890882519566182,0.7162161469137918,surface_cnn
2015-02-27,0.005258763803742138,0.004604255630326074,0.00198622293666182,0.6545081734160636,surface_cnn
2015-03-31,-0.0021349194365789855,-0.0028135095568478895,-0.005527870037923504,0.6785901202689038,surface_cnn
2015-04-30,0.020025213555924896,0.019351018506840782,0.016654238310504332,0.6741950490841127,surface_cnn
2015-05-29,0.015188535942302076,0.014544336816797794,0.011967540314780669,0.6441991255042814,surface_cnn
2015-06-30,-0.004543130507815247,-0.005195020706500692,-0.007802581501242474,0.6518901986854453,surface_cnn
2015-07-31,0.017451926031330046,0.01679173231284896,0.014150957438924612,0.6601937184810867,surface_cnn
2015-08-31,0.022950585518179255,0.022207612988407913,0.01923572286932254,0.7429725297713432,surface_cnn
2015-09-30,0.009927820694121098,0.009203849567395795,0.006307965060494584,0.7239711267253028,surface_cnn
2015-10-30,0.012238428078072596,0.01156161733825534,0.008854374378986313,0.6768107398172566,surface_cnn
2015-11-30,-0.0017530299741451098,-0.002412882033861941,-0.0050522902727292655,0.6598520597168311,surface_cnn
2015-12-31,0.034336735432890626,0.033653609465208956,0.030921105594482287,0.6831259676816681,surface_cnn
2016-01-29,0.012511592686945953,0.01176809607318695,0.008794109618150936,0.7434966137590036,surface_cnn
2016-02-29,0.00019519829459418124,-0.0005063906313814013,-0.0033127463352837314,0.7015889259755825,surface_cnn
2016-03-31,-0.020082888268979623,-0.02076769165764189,-0.02350690521229096,0.6848033886622676,surface_cnn
2016-04-29,0.01231634784253212,0.01162765504171229,0.008872883838432967,0.6886928008198305,surface_cnn
2016-05-31,0.005432361366328924,0.0047462920949099185,0.0020020150092338977,0.6860692714190053,surface_cnn
2016-06-30,-0.009335775027276534,-0.010065486259783934,-0.01298433118981353,0.7297112325073989,surface_cnn
2016-07-29,-0.0066217290177441775,-0.0073518868926166995,-0.010272518392106788,0.7301578748725219,surface_cnn
2016-08-31,-0.0003657569879284518,-0.0010569800091587004,-0.003821872094079695,0.6912230212302486,surface_cnn
2016-09-30,0.030072593598748993,0.02939679131090912,0.026693582159549627,0.6758022878398734,surface_cnn
2016-10-31,0.0012531732502981986,0.000517508516413691,-0.00242515041912434,0.7356647338845077,surface_cnn
2016-11-30,0.04262379642547347,0.04191660850091296,0.03908785680267091,0.7071879245605104,surface_cnn
2016-12-30,-0.006457720088728208,-0.007114514929443505,-0.009741694292304695,0.6567948407152973,surface_cnn
2017-01-31,-0.006236256769389074,-0.006918531109274297,-0.00964762846881519,0.6822743398852233,surface_cnn
2017-02-28,0.006923728110830301,0.0062375380491692944,0.0034927778025252683,0.6861900616610066,surface_cnn
2017-03-31,0.0051944009927560805,0.004536038930702604,0.001902590682488697,0.6583620620534767,surface_cnn
2017-04-28,-0.011227172186621046,-0.01186189161565802,-0.014400769331805922,0.6347194290369753,surface_cnn
2017-05-31,-0.005613919652479376,-0.006244238033058459,-0.008765511555374788,0.6303183805790822,surface_cnn
2017-06-30,0.001988504507775144,0.0013980135227066666,-0.0009639504175672419,0.5904909850684772,surface_cnn
2017-07-31,0.015897405245540078,0.015337059446290517,0.013095676249292273,0.5603457992495608,surface_cnn
2017-08-31,0.012864360425270222,0.012323267380832273,0.010158895203080474,0.5410930444379498,surface_cnn
2017-09-29,0.008593189070102385,0.008100156425837873,0.006128025848779821,0.4930326442645128,surface_cnn
2017-10-31,0.00570848785915576,0.005162347380987242,0.0029777854683131696,0.5461404781685182,surface_cnn
2017-11-30,-0.022237510873710085,-0.022766287149091794,-0.024881392250618625,0.5287762753817082,surface_cnn
2017-12-29,-0.0012648222454877981,-0.0017864602007204799,-0.003873012021651207,0.5216379552326819,surface_cnn
2018-01-31,0.0008489440444798253,0.00015444789540352568,-0.0026235367009016727,0.6944961490762996,surface_cnn
2018-02-28,0.005896005292495119,0.005309274905765535,0.0029623533588471977,0.5867303867295842,surface_cnn
2018-03-29,0.00494915455845688,0.004396079112889872,0.0021837773306218416,0.5530754455670076,surface_cnn
2018-04-30,0.0044098074890293396,0.003875026108085775,0.0017359005843115153,0.5347813809435649,surface_cnn
2018-05-31,-0.007640869827747026,-0.008193437635367654,-0.010403708865850167,0.5525678076206282,surface_cnn
2018-06-29,0.006063484109934677,0.005428924390673136,0.002890685513626974,0.6345597192615406,surface_cnn
2018-07-31,-0.0022002747772606078,-0.0028299355291509388,-0.005348578536712263,0.629660751890331,surface_cnn
2018-08-31,0.016121448764549212,0.015536940225955647,0.013198906071581386,0.5845085385935653,surface_cnn
2018-09-28,-0.0001259773488369836,-0.00070958565968289,-0.0030440189030665164,0.5836083108459065,surface_cnn
2018-10-31,0.012242068933951562,0.011591812012482864,0.008990784326608072,0.6502569214686982,surface_cnn
2018-11-30,0.004454072642016312,0.0038378035155715597,0.001372727009792548,0.6162691264447528,surface_cnn
2018-12-31,-0.01573507049112432,-0.016350904153421098,-0.018814238802608213,0.615833662296779,surface_cnn
2019-01-31,0.0025431482276646405,0.0018288155109853878,-0.0010285153557316224,0.7143327166792526,surface_cnn
2019-02-28,-0.0019715631697884792,-0.0024987835516375803,-0.0046076650790339855,0.5272203818491012,surface_cnn
2019-03-29,0.014912676356739124,0.014420543186709553,0.01245201050659127,0.49213317002957085,surface_cnn
2019-04-30,0.012979685672524485,0.012479285157679928,0.010477683098301695,0.5004005148445583,surface_cnn
2019-05-31,0.0037802825670056836,0.003249469495702841,0.0011262172104914694,0.5308130713028428,surface_cnn
2019-06-28,0.018018837742338888,0.017511393325570633,0.01548161565849761,0.5074444167682557,surface_cnn
2019-07-31,0.01481175125684668,0.01431218854530027,0.01231393769911463,0.4995627115464102,surface_cnn
2019-08-30,0.022146561207269433,0.021682689651644767,0.01982720342914611,0.4638715556246651,surface_cnn
2019-09-30,0.00862867739779825,0.008215967658836516,0.006565128702989581,0.4127097389617338,surface_cnn
2019-10-31,0.0001577872482203032,-0.0003000773180039029,-0.0021315355829007276,0.4578645662242061,surface_cnn
2019-11-29,-0.0022094922374739845,-0.00266700631191851,-0.004497062609696614,0.4575140744445258,surface_cnn
2019-12-31,0.00907264137936324,0.00861244165480929,0.006771642756593494,0.4601997245539492,surface_cnn
2020-01-31,-0.002814334768969545,-0.0034500485377739606,-0.005992903612991623,0.6357137688044155,surface_cnn
2020-02-28,0.0118295280279648,0.01106662653409086,0.008015020558595102,0.7629014938739395,surface_cnn
2020-03-31,-0.013886794647083159,-0.014612786036263297,-0.017516751592983847,0.7259913891801377,surface_cnn
2020-04-30,-0.01343665250393956,-0.014091274158686327,-0.016709760777673395,0.654621654746767,surface_cnn
2020-05-29,-0.0251457170968581,-0.025759670538298744,-0.028215484304061317,0.6139534414406433,surface_cnn
2020-06-30,0.017588399406164277,0.016992409559848008,0.014608450174582933,0.595989846316269,surface_cnn
2020-08-31,-0.0011351658459904362,-0.0017886349531634502,-0.004402511381855507,0.6534691071730141,surface_cnn
2020-09-30,0.024765797523342313,0.024169017175338044,0.021781895783320973,0.5967803480042682,surface_cnn
2020-10-30,-0.023871393363472,-0.024480119784528832,-0.026915025468756158,0.6087264210568317,surface_cnn
2020-11-30,-0.010228786988314396,-0.010851852452164855,-0.013344114307566688,0.6230654638504585,surface_cnn
2020-12-31,-0.04612729845466815,-0.046732989685250664,-0.04915575460758073,0.6056912305825162,surface_cnn
2021-01-29,0.06447676043797937,0.0637507953760963,0.06084693512856408,0.7259650618830571,surface_cnn
2021-02-26,0.08013142190683761,0.07967166867823434,0.07783265576382127,0.4597532286032691,surface_cnn
2021-03-31,0.0348207419698206,0.03438249240154149,0.03262949412842504,0.4382495682791122,surface_cnn
2021-04-30,0.03170035379418385,0.03125164634245642,0.0294568165355467,0.44870745172743043,surface_cnn
2021-05-28,-0.03652499967418078,-0.03700730113045239,-0.038936506955538824,0.4823014562716082,surface_cnn
2021-06-30,0.05024609301828456,0.049788970928645884,0.04796048257009117,0.4571220896386786,surface_cnn
2021-07-30,0.01555116814752403,0.015072673307480546,0.013158693947306609,0.47849484004348414,surface_cnn
2021-08-31,0.0151806706629855,0.014707278393861045,0.012813709317363229,0.47339226912445426,surface_cnn
2021-09-30,0.034205824075802804,0.03373780223998269,0.03186571489670223,0.4680218358201156,surface_cnn
2021-10-29,0.015088721818676898,0.014602564282752717,0.01265793413905599,0.4861575359241817,surface_cnn
2021-11-30,0.06995828455131424,0.06950129834005547,0.06767335349502038,0.4569862112587717,surface_cnn
2021-12-31,0.04657506542619577,0.04608928623611939,0.04414616947581384,0.4857791900763862,surface_cnn
2022-01-31,0.014397527236335987,0.01375709427386798,0.01119536242399595,0.6404329624680076,surface_cnn
2022-02-28,-0.0028087149179834153,-0.003427597853572774,-0.00590312959593021,0.6188829355893589,surface_cnn
2022-03-31,0.03716112240883874,0.036533584913702656,0.03402343493315833,0.627537495136082,surface_cnn
2022-04-29,0.0413766299674969,0.040814739101427314,0.038567175637148975,0.5618908660695852,surface_cnn
2022-05-31,0.0494361560198651,0.04886595269521905,0.04658513939663487,0.5702033246460455,surface_cnn
2022-06-30,0.005372122124815565,0.004798326769961855,0.0025031453505470124,0.5737953548537105,surface_cnn
2022-07-29,-0.002747993093209138,-0.0033280173538321528,-0.0056481143963242105,0.5800242606230145,surface_cnn
2022-08-31,0.0075452876839239786,0.0069850797851434745,0.00474424819002146,0.5602078987805037,surface_cnn
2022-09-30,0.023080276872175988,0.02256664674644534,0.020512126243522742,0.5136301257306489,surface_cnn
2022-10-31,0.057318874346120215,0.05682048399004667,0.05482692256575249,0.49839035607354504,surface_cnn
2022-11-30,0.02551307568491981,0.02489534870014987,0.0224244407610701,0.6177269847699421,surface_cnn
2022-12-30,-0.02331395818939039,-0.023893215949346142,-0.026210246989169152,0.579257759955752,surface_cnn
2023-01-31,0.00960461671605849,0.009030626276515241,0.006734664518342245,0.5739904395432491,surface_cnn
2023-02-28,0.01792508794901007,0.017382407904667992,0.01521168772729968,0.5426800443420781,surface_cnn
2023-03-31,0.008280236538812621,0.007737949421054668,0.005568800950022854,0.5422871177579534,surface_cnn
2023-04-28,-0.020389527976912816,-0.020902858776707403,-0.02295618197588576,0.5133307997945891,surface_cnn
2023-05-31,0.0026831842904929057,0.002168736151938037,0.00011094359771856091,0.5144481385548689,surface_cnn
2023-06-30,-0.007430017723485446,-0.007933549067955929,-0.009947674445837858,0.5035313444704824,surface_cnn
2023-07-31,0.05661525237300576,0.05610171279153554,0.05404755446565468,0.5135395814702161,surface_cnn
2023-08-31,0.022368772740546453,0.021826395968718205,0.019656888881405214,0.542376771828248,surface_cnn
2023-09-29,0.03995264381303067,0.03938266215119617,0.03710273550385818,0.569981661834497,surface_cnn
2023-10-31,0.023044341902628468,0.022486837763991557,0.020256821209443915,0.5575041386369106,surface_cnn
2023-11-30,-0.016189056696018365,-0.016743800104227213,-0.0189627737370626,0.5547434082088468,surface_cnn
2023-12-29,0.02877345068467079,0.028232497799933257,0.02606868626098312,0.5409528847375341,surface_cnn
2024-01-31,-0.0012887724003448927,-0.001888399067101909,-0.004286905734129974,0.5996266667570163,surface_cnn
2024-02-29,0.02813929736818266,0.027602160982073243,0.025453615437635576,0.5371363861094164,surface_cnn
2024-03-28,0.028110698658358524,0.027690792462251968,0.026011167677825738,0.4199061961065574,surface_cnn
2024-04-30,-0.0035508714368672513,-0.004021851012601477,-0.005905769315538381,0.4709795757342259,surface_cnn
2024-05-31,0.01638358605214404,0.015873081695348307,0.013831064268165367,0.5105043567957349,surface_cnn
2024-06-28,-0.023088575109648603,-0.02354709407069225,-0.025381169914866844,0.4585189610436483,surface_cnn
2024-07-31,0.018869952879979876,0.018319869943656693,0.01611953819836397,0.5500829363231812,surface_cnn
2024-08-30,0.013974572750837588,0.013423496287506713,0.011219190434183216,0.5510764633308743,surface_cnn
2024-09-30,-0.013395422592151988,-0.013893186651220309,-0.015884242887493592,0.49776405906832066,surface_cnn
2024-10-31,0.0015098332503271916,0.0009192950967376213,-0.0014428575176206604,0.5905381535895704,surface_cnn
2024-11-29,0.004005980244630462,0.0034684421073131293,0.0013182895580437998,0.5375381373173324,surface_cnn
2024-12-31,0.014435805988629055,0.01393139148980822,0.011913733494524882,0.5044144988208348,surface_cnn
2025-01-31,0.040757891668879345,0.040161896055986364,0.03777791360441443,0.5959956128929823,surface_cnn
2025-02-28,0.042929784080718195,0.0424025568894717,0.04029364812448571,0.5272271912464975,surface_cnn
2025-03-31,-0.007196742208133603,-0.007735650764652369,-0.009891284990727434,0.5389085565187661,surface_cnn
2025-04-30,0.0037588231235054395,0.003212225884211263,0.0010258369270345585,0.5465972392941763,surface_cnn
2025-05-30,-0.006172868000565093,-0.00671595108226569,-0.008888283409068078,0.5430830817005972,surface_cnn
2025-06-30,-0.009485170019220432,-0.009999142051628582,-0.012055030181261181,0.5139720324081496,surface_cnn
2025-07-31,-0.0005910145677931102,-0.0011160497859478698,-0.0032161906585669083,0.5250352181547596,surface_cnn
2025-08-29,-0.047287313093364494,-0.0478070049393202,-0.04988577232314301,0.5196918459557032,surface_cnn
2006-01-31,0.017321719720532334,0.016821719720532334,0.014821719720532334,0.5,ridge_tabular
2006-02-28,-0.009255202336650652,-0.009906547686904929,-0.012511929087922034,0.6513453502542763,ridge_tabular
2006-03-31,-0.010293933769917923,-0.01095398585322027,-0.01359419418642966,0.6600520833023474,ridge_tabular
2006-04-28,0.019954934642429527,0.019328411903329543,0.016822320946929616,0.6265227390999824,ridge_tabular
2006-05-31,0.0065714320672929875,0.005980057989719684,0.0036145616794264705,0.5913740775733034,ridge_tabular
2006-06-30,0.02465885881519196,0.02410738151866088,0.021901472332536556,0.551477296531081,ridge_tabular
2006-07-31,0.01674365765130538,0.016177266749320542,0.01391170314138119,0.5663909019848379,ridge_tabular
2006-08-31,0.01661191202382225,0.01592578694000014,0.013181286604711712,0.6861250838221075,ridge_tabular
2006-09-29,-0.008586104372307406,-0.009242372418874118,-0.011867444605140966,0.656268046566712,ridge_tabular
2006-10-31,-0.019159632337790306,-0.019844376601163442,-0.022583353654655983,0.6847442633731352,ridge_tabular
2006-11-30,0.03074977925666269,0.03016930090913355,0.02784738751901699,0.5804783475291398,ridge_tabular
2006-12-29,0.0026695914373474823,0.0019833429059522823,-0.0007616512196285175,0.6862485313951999,ridge_tabular
2007-01-31,0.00801359377437043,0.007290812628296882,0.004399688044002689,0.7227811460735482,ridge_tabular
2007-02-28,-0.014674777749771998,-0.015345348093166936,-0.01802762946674669,0.6705703433949384,ridge_tabular
2007-03-30,-0.0051757483877934544,-0.005811050591112919,-0.008352259404390777,0.6353022033194644,ridge_tabular
2007-04-30,-0.003944171690977122,-0.004584998808808349,-0.00714830728013326,0.6408271178312277,ridge_tabular
2007-05-31,0.00707955911292377,0.006364356475291435,0.0035035459247620953,0.715202637632335,ridge_tabular
2007-06-29,-0.010495468631805425,-0.011119770616250567,-0.013616978554031135,0.624301984445142,ridge_tabular
2007-07-31,-0.0024162328482809315,-0.0030138550663255893,-0.005404343938504221,0.597622218044658,ridge_tabular
2007-08-31,-0.016100604055065873,-0.01670810960312192,-0.01913813179534611,0.6075055480560474,ridge_tabular
2007-09-28,-0.021163203239053255,-0.021712612680441615,-0.02391025044599505,0.5494094413883593,ridge_tabular
2007-10-31,0.017264321658809367,0.01662690429969624,0.014077234863243733,0.637417359113127,ridge_tabular
2007-11-30,0.006593032431347546,0.005987798501098354,0.0035668627801015845,0.6052339302491923,ridge_tabular
2007-12-31,0.04748937335250589,0.0469002140743779,0.04454357696186596,0.5891592781279842,ridge_tabular
2008-01-31,0.052155860748460896,0.05150115577006629,0.04888233585648787,0.6547049783946043,ridge_tabular
2008-02-29,0.0031364497592668047,0.002547533291388859,0.00019186741987707633,0.5889164678779457,ridge_tabular
2008-03-31,0.0011214222414264769,0.0005900857217142502,-0.001535260357134657,0.5313365197122267,ridge_tabular
2008-04-30,0.011333815770757583,0.010763786756258994,0.008483670698264636,0.5700290144985893,ridge_tabular
2008-05-30,0.01254376046535001,0.011969900663994218,0.009674461458571053,0.5738598013557913,ridge_tabular
2008-06-30,0.030674899369512017,0.030074057938121547,0.027670692212559668,0.6008414313904701,ridge_tabular
2008-07-31,0.008509136093383444,0.007864952668615376,0.005288218969543106,0.6441834247680676,ridge_tabular
2008-08-29,0.0470216520268623,0.04647786138614162,0.0443026988232589,0.5437906407206798,ridge_tabular
2008-09-30,0.07908771383285502,0.078614684287275,0.07672256610495493,0.4730295455800204,ridge_tabular
2008-10-31,0.0800494790634078,0.07953416415393419,0.07747290451603976,0.515314909473607,ridge_tabular
2008-11-28,0.00764790130448948,0.007244733339929135,0.005632061481687755,0.4031679645603449,ridge_tabular
2008-12-31,0.06595892075923872,0.0655866273982626,0.0640974539543581,0.37229336097612215,ridge_tabular
2009-01-30,0.07381938114205455,0.07344828541258343,0.07196390249469896,0.37109572947111885,ridge_tabular
2009-02-27,-0.022623593384906597,-0.023010660578366492,-0.024558929352206074,0.38706719345989554,ridge_tabular
2009-03-31,-0.1022300367400058,-0.10261623645519037,-0.10416103531592862,0.386199715184562,ridge_tabular
2009-04-30,-0.044140264187870884,-0.044541107794319516,-0.04614448222011403,0.40084360644862993,ridge_tabular
2009-05-29,0.049830323616870384,0.04944968107185488,0.047927110891792864,0.3806425450155036,ridge_tabular
2009-06-30,-0.03140095741939711,-0.03176787667357298,-0.03323555369027648,0.36691925417587523,ridge_tabular
2009-07-31,-0.029759240878384604,-0.030183183726437537,-0.03187895511864927,0.42394284805293414,ridge_tabular
2009-08-31,-0.009763289014700896,-0.010226732671123808,-0.012080507296815451,0.4634436564229111,ridge_tabular
2009-09-30,0.030627540136579548,0.03012018151491562,0.028090747028259904,0.5073586216639291,ridge_tabular
2009-10-30,-0.008416178479750567,-0.008949279143605096,-0.011081681799023208,0.5331006638545281,ridge_tabular
2009-11-30,-0.010807752705484761,-0.011275183598331214,-0.013144907169717024,0.4674308928464527,ridge_tabular
2009-12-31,0.003118373567921372,0.002615536807763664,0.0006041897671328306,0.5028367601577083,ridge_tabular
2010-01-29,-0.009942576606139085,-0.010461874070787872,-0.012539063929383015,0.5192974646487858,ridge_tabular
2010-02-26,-0.012564628407593287,-0.013098724575960124,-0.015235109249427475,0.5340961683668377,ridge_tabular
2010-03-31,-0.010848447990940684,-0.011397409407384746,-0.013593255073160995,0.548961416444062,ridge_tabular
2010-04-30,0.037702062985471345,0.03705064197811995,0.03444495794871437,0.6514210073513955,ridge_tabular
2010-05-28,0.04519748634070256,0.04460558378324471,0.04223797355341332,0.591902557457848,ridge_tabular
2010-06-30,-0.017649043431746166,-0.018102645528735643,-0.019917053916693555,0.45360209698947773,ridge_tabular
2010-07-30,0.031796522080376935,0.03128920045548605,0.02925991395592251,0.507321624890885,ridge_tabular
2010-08-31,-0.009847332523645337,-0.010323166287550159,-0.012226501343169442,0.4758337639048207,ridge_tabular
2010-09-30,0.00685990592340932,0.006284373519704849,0.003982243904886966,0.5755324037044709,ridge_tabular
2010-10-29,-0.012585942220816212,-0.013157342474720163,-0.015442943490335972,0.571400253903952,ridge_tabular
2010-11-30,-0.01166454362533797,-0.012258204531668423,-0.014632848156990235,0.593660906330453,ridge_tabular
2010-12-31,0.006546511184105714,0.005979603795011057,0.0037119742386324288,0.566907389094657,ridge_tabular
2011-01-31,-0.0059928139900393106,-0.0066022321957699415,-0.009039905018692463,0.6094182057306307,ridge_tabular
2011-02-28,0.002920853506853468,0.0023551169430377343,0.00009217068777479841,0.565736563815734,ridge_tabular
2011-03-31,0.015324057652196247,0.01475835015564442,0.012495520169437105,0.5657074965518285,ridge_tabular
2011-04-29,0.011881060393915663,0.011289547085317908,0.008923493850926889,0.5915133085977549,ridge_tabular
2011-05-31,0.010000763168654486,0.009414143506362377,0.0070676648571939395,0.5866196622921092,ridge_tabular
2011-06-30,-0.003367465727148824,-0.0039052105875267253,-0.006056190029038332,0.5377448603779016,ridge_tabular
2011-07-29,0.04023989954289493,0.03969609377511019,0.03752087070397124,0.5438057677847381,ridge_tabular
2011-08-31,0.06231548107032242,0.06185603288852393,0.06001824016133,0.45944818179848496,ridge_tabular
2011-09-30,-0.008585216191024599,-0.009080266201250204,-0.011060466242152624,0.49505001022560496,ridge_tabular
2011-10-31,0.0067368303668330414,0.006094308846463345,0.0035242227649845597,0.6425215203696963,ridge_tabular
2011-11-30,0.012177568948522762,0.011744057985939835,0.01001001413560813,0.43351096258292654,ridge_tabular
2011-12-30,-0.03062894567093774,-0.031024814481520852,-0.0326082897238533,0.39586881058311285,ridge_tabular
2012-01-31,0.0001877424464348334,-0.00035774525715395365,-0.0025396960715091017,0.5454877035887871,ridge_tabular
2012-02-29,0.009581277488947555,0.00895051145019242,0.006427447295171875,0.630766038755136,ridge_tabular
2012-03-30,0.011949643675484366,0.011307593631250801,0.00873939345431654,0.642050044233565,ridge_tabular
2012-04-30,0.02251051275325608,0.02191765900286647,0.019546244001308034,0.5928537503896092,ridge_tabular
2012-05-31,-0.008562253703011832,-0.009155163578530136,-0.01152680308060335,0.5929098755183039,ridge_tabular
2012-06-29,0.015509044026759641,0.014922878449505624,0.012578216140489554,0.5861655772540173,ridge_tabular
2012-07-31,-0.0008798792274298506,-0.0015297434036916577,-0.004129200108738886,0.649864176261807,ridge_tabular
2012-08-31,-0.004432950195327948,-0.005086559926514445,-0.0077009988512604325,0.6536097311864968,ridge_tabular
2012-09-28,0.018010080905140162,0.017408798140754928,0.015003667083213997,0.601282764385233,ridge_tabular
2012-10-31,0.0025965717316215717,0.0019261444783704122,-0.000755564534634226,0.6704272532511595,ridge_tabular
2012-11-30,-0.010396040826729958,-0.010987109534326363,-0.013351384364711987,0.5910687075964061,ridge_tabular
2012-12-31,0.002744975240882313,0.0021852008530480025,-0.00005389669828923969,0.5597743878343105,ridge_tabular
2013-01-31,-0.0015828015452147106,-0.0022591432088455814,-0.004964509863369066,0.676341663630871,ridge_tabular
2013-02-28,-0.0005212234736452575,-0.0011479326970752451,-0.0036547695907951966,0.6267092234299878,ridge_tabular
2013-03-28,-0.002507897205391846,-0.003140626490683548,-0.005671543631850355,0.6327292852917018,ridge_tabular
2013-04-30,-0.01979271352486513,-0.020435919326183424,-0.023008742531456593,0.6432058013182922,ridge_tabular
2013-05-31,0.002028372018996881,0.0014033267136812594,-0.0010968545075812266,0.6250453053156215,ridge_tabular
2013-06-28,-0.00781665851771452,-0.008418558182634286,-0.010826156842313348,0.6018996649197654,ridge_tabular
2013-07-31,-0.0017191289382645178,-0.002375132988964532,-0.004999149191764589,0.6560040507000143,ridge_tabular
2013-08-30,-0.01756340051053424,-0.018211013838403876,-0.020801467149882426,0.6476133278696372,ridge_tabular
2013-09-30,0.0019277442901774755,0.0013690331797119423,-0.0008658112621501895,0.558711110465533,ridge_tabular
2013-10-31,0.010034267464762922,0.00936106043055475,0.006668232293722069,0.6732070342081706,ridge_tabular
2013-11-29,-0.0008041168586341008,-0.0014970027321101836,-0.004268546226014515,0.6928858734760829,ridge_tabular
2013-12-31,-0.0006560310169630749,-0.0012443572046633928,-0.0035976619554646642,0.5883261877003179,ridge_tabular
2014-01-31,-0.017646786752830178,-0.018268422073211207,-0.02075496335473532,0.6216353203810284,ridge_tabular
2014-02-28,0.03361923134452077,0.03304603510021287,0.03075325012298124,0.573196244307907,ridge_tabular
2014-03-31,0.03566461405742417,0.03507974038467051,0.03274024569365587,0.5848736727536592,ridge_tabular
2014-04-30,0.015281629112491426,0.014668857061725528,0.012217768858661939,0.6127720507658972,ridge_tabular
2014-05-30,-0.016337513290180572,-0.016928549547750835,-0.01929269457803188,0.5910362575702617,ridge_tabular
2014-06-30,0.023382520754320936,0.022792163598227375,0.02043073497385312,0.5903571560935632,ridge_tabular
2014-07-31,-0.011704660707106093,-0.012279263993169733,-0.014577677137424288,0.574603286063639,ridge_tabular
2014-08-29,0.017536519721632546,0.016959820913152887,0.014653025679234252,0.5766988084796586,ridge_tabular
2014-09-30,0.011724767837218885,0.011126330029236128,0.008732578797305102,0.5984378079827565,ridge_tabular
2014-10-31,0.008102176971156973,0.007489698140104242,0.005039782815893318,0.6124788310527312,ridge_tabular
2014-11-28,-0.0028549973010302777,-0.003426052211118678,-0.0057102718514722775,0.5710549100883999,ridge_tabular
2014-12-31,0.02196893411772628,0.021325711267804703,0.018752819868118397,0.6432228499215764,ridge_tabular
2015-01-30,0.0016992209024069183,0.0011654480231263625,-0.0009696434939958603,0.5337728792805557,ridge_tabular
2015-02-27,0.004078467764671551,0.003504379328373866,0.0012080255831831278,0.5740884362976846,ridge_tabular
2015-03-31,0.010216250637398547,0.009655080446738724,0.007410399684099434,0.5611701906598225,ridge_tabular
2015-04-30,0.009105922285320136,0.008517872230161334,0.006165672009526128,0.5880500551588017,ridge_tabular
2015-05-29,0.009565215034635099,0.008967115992653233,0.006574719824725775,0.5980990419818647,ridge_tabular
2015-06-30,0.007784897103394115,0.007260432333116458,0.005162573252005828,0.5244647702776575,ridge_tabular
2015-07-31,0.02741180938641867,0.026846389973971686,0.024584712324183754,0.5654194124469835,ridge_tabular
2015-08-31,0.04661459693663143,0.04603482867057773,0.04371575560636293,0.5797682660537011,ridge_tabular
2015-09-30,0.004074223911720253,0.0035172377069491046,0.0012892928878645094,0.5569862047711487,ridge_tabular
2015-10-30,-0.013342309911312427,-0.013952442335001357,-0.016392972029757074,0.6101324236889297,ridge_tabular
2015-11-30,0.025042847619249516,0.02447044341780142,0.022180826612009027,0.5724042014480981,ridge_tabular
2015-12-31,0.09358170076524422,0.09310144909606044,0.09118044241932531,0.4802516691837818,ridge_tabular
2016-01-29,0.03827282171311409,0.037713094588931385,0.035474186092200564,0.5597271241827044,ridge_tabular
2016-02-29,0.0009457763484695332,0.0003761286279453655,-0.0019024622541513056,0.5696477205241678,ridge_tabular
2016-03-31,-0.04643659174307198,-0.04697698111353971,-0.04913853859541066,0.5403893704677359,ridge_tabular
2016-04-29,0.014053391272582285,0.01355293665314178,0.01155111817537976,0.5004546194405048,ridge_tabular
2016-05-31,0.011704553056047905,0.01122483900735739,0.009305982812595327,0.47971404869051576,ridge_tabular
2016-06-30,-0.003994374668796098,-0.004486445659877859,-0.006454729624204905,0.49207099108176144,ridge_tabular
2016-07-29,-0.01447813014058497,-0.015059786935895528,-0.017386414117137764,0.5816567953105591,ridge_tabular
2016-08-31,-0.0159557699484309,-0.01648091826923786,-0.01858151155246568,0.5251483208069558,ridge_tabular
2016-09-30,0.039284896448688184,0.038796796787105195,0.03684439814077325,0.48809966158298757,ridge_tabular
2016-10-31,-0.02799457961973377,-0.028575970909645945,-0.03090153606929465,0.5813912899121763,ridge_tabular
2016-11-30,0.016293129012381044,0.01569778714357652,0.013316419668358418,0.5953418688045252,ridge_tabular
2016-12-30,0.004503245001900973,0.00391329689340846,0.0015535044594384086,0.5899481084925129,ridge_tabular
2017-01-31,0.00021545069928445007,-0.0003751128024414449,-0.0027373668093450252,0.590563501725895,ridge_tabular
2017-02-28,0.015556737428618912,0.014977550212983333,0.012660801350441016,0.5791872156355792,ridge_tabular
2017-03-31,0.016001555872259564,0.015421731467297603,0.013102433847449756,0.5798244049619613,ridge_tabular
2017-04-28,0.004605479547477462,0.004096811829109066,0.002062140955635483,0.5086677183683957,ridge_tabular
2017-05-31,0.004694847232882323,0.004092307082466318,0.0016821464808023001,0.6025401504160046,ridge_tabular
2017-06-30,0.006438106990139724,0.00579700020309929,0.003232573054937554,0.6411067870404341,ridge_tabular
2017-07-31,0.007028484031238443,0.0064632850153649125,0.0042024889518707895,0.5651990158735307,ridge_tabular
2017-08-31,-0.006361030914527797,-0.006920104244303505,-0.009156397563406336,0.5590733297757078,ridge_tabular
2017-09-29,0.010288561000681536,0.009719912046973134,0.0074453162321395285,0.5686489537084015,ridge_tabular
2017-10-31,0.006812114217249081,0.00620783609782965,0.003790723620151928,0.6042781194194307,ridge_tabular
2017-11-30,-0.02034333504634021,-0.020962276064234522,-0.023438040135811772,0.618941017894312,ridge_tabular
2017-12-29,-0.0019979764248088325,-0.002518565911004398,-0.00460092385578666,0.5205894861955656,ridge_tabular
2018-01-31,-0.01641132930811035,-0.0170147622353877,-0.019428493944497117,0.6034329272773538,ridge_tabular
2018-02-28,0.02036792942475038,0.019878941701554582,0.01792299080877139,0.4889877231957985,ridge_tabular
2018-03-29,-0.0031633288309307504,-0.0037078189838217514,-0.005885779595385755,0.5444901528910011,ridge_tabular
2018-04-30,-0.016337727060790827,-0.016933677401533724,-0.019317478764505312,0.5959503407428971,ridge_tabular
2018-05-31,0.009513588142347332,0.008919225262463859,0.006541773742929967,0.5943628798834729,ridge_tabular
2018-06-29,0.01720224958925879,0.016559328341625247,0.013987643351091077,0.6429212476335429,ridge_tabular
2018-07-31,-0.007664243518564963,-0.008291650267534832,-0.01080127726341431,0.6274067489698691,ridge_tabular
2018-08-31,0.025280201439695272,0.024652151476460504,0.022139951623521434,0.6280499632347674,ridge_tabular
2018-09-28,0.05403078339563831,0.0534974129451955,0.05136393114342426,0.5333704504428112,ridge_tabular
2018-10-31,0.015689228676023948,0.01516758506990883,0.013081010645448355,0.5216436061151187,ridge_tabular
2018-11-30,0.029622704307995604,0.02910832833861739,0.02705082446110454,0.5143759693782126,ridge_tabular
2018-12-31,0.0017467932472083865,0.0012817809393204445,-0.000578268292231324,0.46501230788794207,ridge_tabular
2019-01-31,-0.00955654090250212,-0.010143856931654552,-0.012493121048264277,0.5873160291524313,ridge_tabular
2019-02-28,-0.0006731504009875188,-0.0012239850926688055,-0.003427323859393952,0.5508346916812867,ridge_tabular
2019-03-29,0.027264020323594478,0.02665122129160821,0.02420002516366313,0.6127990319862695,ridge_tabular
2019-04-30,0.022983511965456282,0.022362125382934868,0.019876579052849216,0.6213865825214133,ridge_tabular
2019-05-31,-0.00010686170418358512,-0.0007204395830160981,-0.0031747510983461506,0.613577878832513,ridge_tabular
2019-06-28,0.014527198531827018,0.013889347030746183,0.01133794102642284,0.6378515010808357,ridge_tabular
2019-07-31,0.026252305601834225,0.025666914858228196,0.023325351883804073,0.5853907436060306,ridge_tabular
2019-08-30,0.036388646600143695,0.0357999581557517,0.03344520437818374,0.5886884443919915,ridge_tabular
2019-09-30,-0.00722419915835446,-0.007851932124826575,-0.010362863990715033,0.6277329664721144,ridge_tabular
2019-10-31,-0.011865678716624972,-0.012474935655308843,-0.014911963410044327,0.6092569386838711,ridge_tabular
2019-11-29,-0.011535107904712355,-0.012071886013332651,-0.014218998447813836,0.5367781086202963,ridge_tabular
2019-12-31,0.04243439896326621,0.04190086713553573,0.03976673982461381,0.5335318277304791,ridge_tabular
2020-01-31,-0.021404678981594965,-0.022028189271734368,-0.024522230432291972,0.6235102901394014,ridge_tabular
2020-02-28,0.019612785006293904,0.01913033582484677,0.01720053909905823,0.4824491814471342,ridge_tabular
2020-03-31,-0.03730984273252029,-0.03790542987821231,-0.04028777846098039,0.5955871456920201,ridge_tabular
2020-04-30,-0.05190654373083993,-0.05236144972058123,-0.05418107367954642,0.45490598974129903,ridge_tabular
2020-05-29,-0.030577457340638853,-0.030933955393583852,-0.03235994760536385,0.3564980529449995,ridge_tabular
2020-06-30,0.009753400350016112,0.009374428421911347,0.007858540709492289,0.3789719281047647,ridge_tabular
2020-08-31,0.007400039315411112,0.006882578233126699,0.004812733903989046,0.517461082284413,ridge_tabular
2020-09-30,0.003001966983931858,0.0025112703641898973,0.000548483885222056,0.4906966197419604,ridge_tabular
2020-10-30,-0.04167538381880189,-0.042171265613608844,-0.04415479279283667,0.49588179480695527,ridge_tabular
2020-11-30,-0.012696213613641684,-0.013230371354539062,-0.015367002318128578,0.5341577408973789,ridge_tabular
2020-12-31,-0.05910545930915512,-0.05956475928342925,-0.06140195918052578,0.4592999742741334,ridge_tabular
2021-01-29,0.027882661954099306,0.027406772513261304,0.02550321474990929,0.475889440838003,ridge_tabular
2021-02-26,0.09084322440911725,0.09038282131899622,0.08854120895851206,0.46040309012103875,ridge_tabular
2021-03-31,0.04729262292298766,0.04680391942103978,0.044849105413248255,0.4887035019478809,ridge_tabular
2021-04-30,0.015940046547785223,0.015465923399848954,0.013569430808103874,0.4741231479362696,ridge_tabular
2021-05-28,-0.03363474204714447,-0.03408153581735827,-0.03586871089821344,0.4467937702137932,ridge_tabular
2021-06-30,0.058233366717264756,0.0577845446373823,0.05598925631785247,0.44882207988245726,ridge_tabular
2021-07-30,-0.0036120793602149232,-0.004105519327012761,-0.006079279194204112,0.49343996679783775,ridge_tabular
2021-08-31,0.004091922801447385,0.003578723078802746,0.0015259241882241907,0.5131997226446388,ridge_tabular
2021-09-30,0.017933411979049435,0.017446147442240535,0.01549708929500494,0.48726453680889914,ridge_tabular
2021-10-29,0.026359784719389216,0.02579196917219565,0.02352070698342139,0.5678155471935655,ridge_tabular
2021-11-30,0.06873345369237463,0.0682088690384782,0.06611053042289247,0.5245846538964325,ridge_tabular
2021-12-31,0.08098133836001697,0.0804795531926128,0.07847241252299607,0.5017851674041804,ridge_tabular
2022-01-31,-0.026486188245178913,-0.02708036084659523,-0.02945705125226049,0.5941726014163159,ridge_tabular
2022-02-28,0.0030388247296531962,0.0025412879105540026,0.0005511406341572275,0.49753681909919373,ridge_tabular
2022-03-31,0.06582318268532646,0.06539991666943158,0.06370685260585206,0.4232660158948808,ridge_tabular
2022-04-29,0.053224935143235515,0.05277186124113722,0.05095956563274404,0.45307390209829435,ridge_tabular
2022-05-31,0.058396407326736774,0.05794764421998977,0.05615259179300174,0.4487631067470068,ridge_tabular
2022-06-30,-0.007432210392569719,-0.007847737810045462,-0.009509847479948437,0.4155274174757435,ridge_tabular
2022-07-29,-0.009562386371296248,-0.010024090182709323,-0.011870905428361618,0.46170381141307404,ridge_tabular
2022-08-31,0.012456944080965022,0.011997445670655794,0.010159452029418882,0.4594984103092282,ridge_tabular
2022-09-30,0.012342221374632159,0.011929677703144981,0.010279503017196271,0.4125436714871774,ridge_tabular
2022-10-31,0.051649573436501686,0.051248055023596466,0.049641981371975584,0.4015184129052203,ridge_tabular
2022-11-30,0.03232202291506237,0.03175639418633374,0.02949387927141921,0.5656287287286323,ridge_tabular
2022-12-30,-0.03565578867425666,-0.03614100149621211,-0.038081852784033934,0.4852128219554559,ridge_tabular
2023-01-31,0.01805648543848875,0.017550879194131116,0.015528454216700582,0.5056062443576337,ridge_tabular
2023-02-28,0.02278233917539966,0.022340591804620995,0.02057360232150634,0.4417473707786642,ridge_tabular
2023-03-31,0.021605817146104385,0.021126907055492097,0.019211266693042947,0.4789100906122876,ridge_tabular
2023-04-28,-0.02126975534623518,-0.02177709687604114,-0.02380646299526499,0.5073415298059618,ridge_tabular
2023-05-31,-0.007569065233220643,-0.008203543847923113,-0.010741458306732994,0.6344786147024701,ridge_tabular
2023-06-30,-0.026697912917976435,-0.027226935518337356,-0.029343025919781045,0.529022600360922,ridge_tabular
2023-07-31,0.055510311453216554,0.05498910258374033,0.05290426710583544,0.5212088694762229,ridge_tabular
2023-08-31,0.028072884690566013,0.027519627269391198,0.025306597584691934,0.553257421174816,ridge_tabular
2023-09-29,0.027857074054027833,0.02732259468559752,0.02518467721187626,0.5344793684303151,ridge_tabular
2023-10-31,-0.0023461335262934236,-0.002889225260507818,-0.005061592197365395,0.5430917342143944,ridge_tabular
2023-11-30,-0.03502263046927378,-0.035635745818777556,-0.03808820721679267,0.6131153495037791,ridge_tabular
2023-12-29,0.045178262219819215,0.04463076464261954,0.04244077433382081,0.5474975771996801,ridge_tabular
2024-01-31,-0.02660295084542714,-0.027091345805172574,-0.029044925644154305,0.48839495974543257,ridge_tabular
2024-02-29,0.032618006435309974,0.03215412953218537,0.03029862191968695,0.4638769031246047,ridge_tabular
2024-03-28,0.03097024607094726,0.030467292897592216,0.028455480204172046,0.5029531733550427,ridge_tabular
2024-04-30,-0.013957806999953491,-0.014433282836395866,-0.016335186182165364,0.4754758364423748,ridge_tabular
2024-05-31,0.03048068906577741,0.029959034812863973,0.027872417801210234,0.5216542529134351,ridge_tabular
2024-06-28,0.006517745942265006,0.006007740519478055,0.003967718828330253,0.5100054227869506,ridge_tabular
2024-07-31,0.0283129546587518,0.0277276877260581,0.02538661999528329,0.5852669326937021,ridge_tabular
2024-08-30,0.0024692349971085557,0.0019636154934352,-0.00005886252125822259,0.5056195036733556,ridge_tabular
2024-09-30,-0.017878360542129622,-0.01829733278027006,-0.019973221732831805,0.41897223814043694,ridge_tabular
2024-10-31,-0.020113445899111633,-0.020559697742835767,-0.022344705117732306,0.44625184372413484,ridge_tabular
2024-11-29,0.020931214193189475,0.020457443205577963,0.01856235925513191,0.47377098761151304,ridge_tabular
2024-12-31,0.013016347516605454,0.012565420917063815,0.010761714518897254,0.45092659954163994,ridge_tabular
2025-01-31,0.05736801563816626,0.05692258518935974,0.055140863394133675,0.4454304488065166,ridge_tabular
2025-02-28,0.04400580839426346,0.04352919291091423,0.0416227309775173,0.4766154833492323,ridge_tabular
2025-03-31,-0.019544405784051977,-0.02002664321671923,-0.021955592947388247,0.48223743266725416,ridge_tabular
2025-04-30,-0.02406348236711022,-0.02450090366597671,-0.02625058886144265,0.4374212988664861,ridge_tabular
2025-05-30,-0.029848668930189746,-0.03030681648037256,-0.03213940668110382,0.45814755018281506,ridge_tabular
2025-06-30,-0.024368302816514358,-0.02483309746097705,-0.026692276038827827,0.4647946444626942,ridge_tabular
2025-07-31,-0.017158570808975867,-0.01761045688907905,-0.019418001209491775,0.4518860801031813,ridge_tabular
2025-08-29,-0.02323092231060329,-0.023704218383184893,-0.0255974026735113,0.47329607258160233,ridge_tabular
2006-01-31,0.017817256753797528,0.017317256753797527,0.01531725675379753,0.49999999999999994,gbm_tabular
2006-02-28,-0.004477464729219987,-0.005219900559725719,-0.00818964388174865,0.7424358305057325,gbm_tabular
2006-03-31,-0.005038256604996387,-0.005769294323799342,-0.008693445199011163,0.7310377188029552,gbm_tabular
2006-04-28,0.004019916458016052,0.003328303257821907,0.0005618504570453257,0.6916132001941453,gbm_tabular
2006-05-31,0.00401529067731159,0.0032811284545609764,0.00034447956355852273,0.7341622227506135,gbm_tabular
2006-06-30,0.002416321869630127,0.0016807799794460088,-0.0012613875812904638,0.7355418901841182,gbm_tabular
2006-07-31,0.008326205956221591,0.00761042544697965,0.004747303410011883,0.7157805092419416,gbm_tabular
2006-08-31,0.008971034053736438,0.00818672811576516,0.005049504363880046,0.7843059379712785,gbm_tabular
2006-09-29,-0.001613398648838501,-0.0023546061866666994,-0.005319436337979494,0.7412075378281985,gbm_tabular
2006-10-31,-0.011320423698846772,-0.01203072115055598,-0.014871910957392816,0.7102974517092089,gbm_tabular
2006-11-30,0.02481213365064603,0.024144362841002288,0.021473279602427318,0.6677708096437427,gbm_tabular
2006-12-29,0.005409067720402387,0.004670927773323278,0.001718367985006841,0.7381399470791092,gbm_tabular
2007-01-31,0.01022684747716594,0.00944567452197694,0.006320982701220945,0.7811729551889989,gbm_tabular
2007-02-28,-0.011385318466978182,-0.012163018596537236,-0.015273819114773449,0.7777001295590533,gbm_tabular
2007-03-30,-0.005374991565787392,-0.006076993898837355,-0.008885003231037211,0.7020023330499638,gbm_tabular
2007-04-30,-0.002693140897159952,-0.0033650035240943696,-0.00605245403183204,0.6718626269344177,gbm_tabular
2007-05-31,-0.001005616574671288,-0.0016975139191976714,-0.004465103297303204,0.6918973445263833,gbm_tabular
2007-06-29,-0.012794487924923381,-0.013487598859098051,-0.016260042595796734,0.6931109341746706,gbm_tabular
2007-07-31,-0.014523169482102544,-0.015271661503014337,-0.01826562958666151,0.7484920209117932,gbm_tabular
2007-08-31,-0.006744571324221571,-0.007511207450489578,-0.010577751955561605,0.766636126268007,gbm_tabular
2007-09-28,-0.01440761256141163,-0.015090063481569617,-0.017819867162201568,0.6824509201579877,gbm_tabular
2007-10-31,-0.00006987648467005796,-0.0007781851401382529,-0.0036114197620110327,0.708308655468195,gbm_tabular
2007-11-30,-0.005870490225248448,-0.006630950422447051,-0.009672791211241465,0.7604601971986036,gbm_tabular
2007-12-31,0.043531175570886864,0.04277928055551688,0.03977170049403695,0.7518950153699824,gbm_tabular
2008-01-31,0.05126062252455317,0.05048951395703459,0.047405079686960276,0.7711085675185785,gbm_tabular
2008-02-29,0.014369535888677691,0.013637628273432182,0.01070999781245014,0.7319076152455102,gbm_tabular
2008-03-31,0.014077456027101285,0.01338761315841098,0.010628241683649757,0.6898428686903058,gbm_tabular
2008-04-30,0.008118786402923057,0.007445433007110867,0.004752019423862108,0.6733533958121899,gbm_tabular
2008-05-30,-0.007322886523458836,-0.008001767062140099,-0.010717289216865145,0.6788805386812617,gbm_tabular
2008-06-30,0.024471733027547453,0.023745594981589725,0.020841042797758804,0.72613804595773,gbm_tabular
2008-07-31,0.005463462070294899,0.004689449966250532,0.0015934015500730647,0.7740121040443668,gbm_tabular
2008-08-29,0.02824560711106905,0.02757487421798394,0.024891942645643494,0.6707328930851109,gbm_tabular
2008-09-30,0.04840816600962672,0.04772815245157733,0.04500809821937975,0.6800135580493949,gbm_tabular
2008-10-31,0.047844159741034675,0.04722343012724019,0.044740511672062236,0.6207296137944882,gbm_tabular
2008-11-28,0.020983349528226936,0.020367347388901027,0.017903338831597383,0.6160021393259109,gbm_tabular
2008-12-31,0.05348151430384289,0.05270652147139168,0.04960655014158684,0.7749928324512101,gbm_tabular
2009-01-30,0.0696309358493407,0.06908244686810759,0.06688849094317519,0.548488981233102,gbm_tabular
2009-02-27,-0.0017932504335930373,-0.0023160838626082652,-0.004407417578669178,0.5228334290152281,gbm_tabular
2009-03-31,-0.07585468884848562,-0.07639269226506336,-0.07854470593137433,0.5380034165777438,gbm_tabular
2009-04-30,-0.03294168220456662,-0.03349300733941728,-0.03569830787881989,0.5513251348506538,gbm_tabular
2009-05-29,0.04500184671074843,0.0444372622813635,0.04217892456382378,0.56458442938493,gbm_tabular
2009-06-30,-0.025290642040284958,-0.025848901721397744,-0.028081940445848892,0.5582596811127866,gbm_tabular
2009-07-31,-0.030567804084792358,-0.03117061603021193,-0.03358186381189022,0.6028119454195725,gbm_tabular
2009-08-31,0.00652904412864105,0.005831030685261098,0.0030389769117412893,0.6980134433799522,gbm_tabular
2009-09-30,0.007071502950746943,0.0063131097674194855,0.0032795370341096547,0.7583931833274578,gbm_tabular
2009-10-30,0.0023510716266657416,0.0016043344545058126,-0.0013826142341339031,0.746737172159929,gbm_tabular
2009-11-30,0.006052080860890233,0.0053480529988369375,0.002531941550623758,0.7040278620532949,gbm_tabular
2009-12-31,-0.002831105099706494,-0.0035751489641548035,-0.0065513244219480415,0.7440438644483096,gbm_tabular
2010-01-29,0.001589516361432365,0.0008735446088898574,-0.0019903424012801723,0.7159717525425074,gbm_tabular
2010-02-26,-0.011908662381153515,-0.01262182401027501,-0.015474470526760991,0.7131616291214953,gbm_tabular
2010-03-31,0.0009089577088486171,0.00015371477648650682,-0.0028672569529619345,0.7552429323621104,gbm_tabular
2010-04-30,0.0046523976296296,0.003875425174916367,0.000767535356063435,0.776972454713233,gbm_tabular
2010-05-28,0.03421186911221827,0.03342585057404577,0.03028177642135576,0.7860185381725021,gbm_tabular
2010-06-30,-0.007828266305389978,-0.008514446555330119,-0.011259167555090684,0.6861802499401413,gbm_tabular
2010-07-30,0.028146841121583135,0.027424000241071392,0.02453263671902442,0.7228408805117428,gbm_tabular
2010-08-31,-0.004755324540864418,-0.005436382092573187,-0.00816061229940826,0.6810575517087685,gbm_tabular
2010-09-30,0.006397112633311111,0.005702887505258387,0.0029259869930474895,0.6942251280527243,gbm_tabular
2010-10-29,0.0006303211152755023,-0.00011687647178463775,-0.0031056668200251988,0.7471975870601402,gbm_tabular
2010-11-30,0.006435629074925704,0.005698035482433677,0.0027476611124655713,0.7375935924920265,gbm_tabular
2010-12-31,0.005777628976825195,0.005041639438463962,0.002097681285019026,0.7359895383612338,gbm_tabular
2011-01-31,-0.008137157067289912,-0.008907426608476375,-0.011988504773222226,0.7702695411864627,gbm_tabular
2011-02-28,-0.0009875608464402713,-0.0017240508144005374,-0.0046700106862416005,0.736489967960266,gbm_tabular
2011-03-31,0.008417243902240945,0.007698932614166052,0.004825687461866482,0.7183112880748925,gbm_tabular
2011-04-29,0.005988339872557128,0.005229052424193425,0.002191902630738614,0.7592874483637027,gbm_tabular
2011-05-31,0.0045840703859890706,0.0038413999160914983,0.0008707180365012082,0.7426704698975725,gbm_tabular
2011-06-30,-0.0008873850689376623,-0.0015758792506481815,-0.0043298559774902585,0.6884941817105192,gbm_tabular
2011-07-29,0.021300814395688754,0.020597333834688532,0.017783411590687647,0.7034805610002215,gbm_tabular
2011-08-31,0.04553987186260361,0.044780637439095786,0.0417436997450645,0.7592344235078226,gbm_tabular
2011-09-30,0.010698016786571753,0.010005085635406486,0.0072333610307454225,0.6929311511652663,gbm_tabular
2011-10-31,0.010300919224697884,0.009568259838726488,0.006637622294840903,0.7326593859713963,gbm_tabular
2011-11-30,0.006127971509224261,0.005359578787060058,0.002286007898403244,0.7683927221642034,gbm_tabular
2011-12-30,-0.01728788093911057,-0.017998278897699074,-0.02083987073205309,0.7103979585885043,gbm_tabular
2012-01-31,0.00586571755851608,0.005094147033025439,0.0020078649310628785,0.7715705254906403,gbm_tabular
2012-02-29,-0.0011060055860129204,-0.0018820997492346335,-0.004986476402121486,0.7760941632217131,gbm_tabular
2012-03-30,0.004490006516098051,0.003715697078132403,0.0006184593262698107,0.774309437965648,gbm_tabular
2012-04-30,0.013336023658923533,0.01256369767424787,0.00947439373554522,0.7723259846756625,gbm_tabular
2012-05-31,-0.006364932890250374,-0.0071131067323869784,-0.010105802100933398,0.7481738421366048,gbm_tabular
2012-06-29,0.011310787054779215,0.010534199867709917,0.0074278511194327285,0.7765871870692973,gbm_tabular
2012-07-31,-0.005895560622631792,-0.006675540128113371,-0.009795458150039687,0.7799795054815791,gbm_tabular
2012-08-31,-0.0014228537880284602,-0.002172198074909638,-0.00516957522243435,0.7493442868811779,gbm_tabular
2012-09-28,0.011947226364598593,0.011232644538127988,0.008374317232245574,0.7145818264706038,gbm_tabular
2012-10-31,0.00624827528339548,0.005477722612092938,0.002395511926882772,0.7705526713025417,gbm_tabular
2012-11-30,-0.0044976063869279475,-0.005262136109765881,-0.008320255001117619,0.764529722837934,gbm_tabular
2012-12-31,0.0014528209667562925,0.0007303278211636652,-0.0021596447612068437,0.7224931455926273,gbm_tabular
2013-01-31,-0.0010520810759413407,-0.0018159867846129255,-0.004871609619299265,0.7639057086715848,gbm_tabular
2013-02-28,-0.0006175885086969479,-0.0013370842894373952,-0.004215067412399184,0.7194957807404473,gbm_tabular
2013-03-28,-0.0034413745476150085,-0.004144744978965288,-0.0069582267043664025,0.7033704313502789,gbm_tabular
2013-04-30,-0.010867793677277433,-0.011638599263920602,-0.014721821610493282,0.7708055866431698,gbm_tabular
2013-05-31,0.004162032636632177,0.003427495864994403,0.0004893487784433069,0.734536771637774,gbm_tabular
2013-06-28,-0.0007829711339518652,-0.0014648334056291004,-0.004192282492338042,0.6818622716772353,gbm_tabular
2013-07-31,0.0004814869785257492,-0.0002809032198799221,-0.003330464013502607,0.7623901984056712,gbm_tabular
2013-08-30,-0.003706206564392172,-0.0044548042792239475,-0.00744919513855105,0.7485977148317755,gbm_tabular
2013-09-30,-0.006639182975282814,-0.007346820406756584,-0.01017737013265166,0.7076374314737692,gbm_tabular
2013-10-31,0.0018667954983935232,0.0010972647992517678,-0.0019808579973152533,0.7695306991417553,gbm_tabular
2013-11-29,-0.003695681848430059,-0.004447601791713162,-0.0074552815648455725,0.7519199432831027,gbm_tabular
2013-12-31,0.006480818576451105,0.005774841166081257,0.0029509315246018693,0.7059774103698472,gbm_tabular
2014-01-31,-0.010586798921552693,-0.011308400195414854,-0.014194805290863494,0.7216012738621601,gbm_tabular
2014-02-28,0.018886962819796592,0.018217331449240207,0.015538805967014676,0.669631370556383,gbm_tabular
2014-03-31,0.016372638071571327,0.015701339185610185,0.01301614364176562,0.6712988859611411,gbm_tabular
2014-04-30,0.01419539962154668,0.013535187005573405,0.010894336541680306,0.6602126159732746,gbm_tabular
2014-05-30,-0.009126609686012331,-0.009792122478971616,-0.012454173650808758,0.6655127929592854,gbm_tabular
2014-06-30,0.011480913762533613,0.010821040674154273,0.008181548320636913,0.6598730883793399,gbm_tabular
2014-07-31,-0.004232090696332316,-0.004945464443741084,-0.007798959433376157,0.7133737474087685,gbm_tabular
2014-08-29,0.01207698090531348,0.011390126324094248,0.008642707999217325,0.686854581219231,gbm_tabular
2014-09-30,-0.008934880845292346,-0.009656148507573886,-0.012541219156700041,0.7212676622815389,gbm_tabular
2014-10-31,0.0007730201981901831,0.000020756424040449268,-0.0029882986725584862,0.7522637741497339,gbm_tabular
2014-11-28,0.0012053979433124195,0.0005130767404770368,-0.002256208070864494,0.6923212028353827,gbm_tabular
2014-12-31,0.013832662645487027,0.01318168312696803,0.01057776505289204,0.6509795185189972,gbm_tabular
2015-01-30,-0.0006344386343473864,-0.001308917525846429,-0.004006833091842599,0.6744788914990425,gbm_tabular
2015-02-27,-0.0008943329568449444,-0.0016220743417227725,-0.004533039881234085,0.7277413848778281,gbm_tabular
2015-03-31,0.004549626231220306,0.0038684600527546416,0.0011437953388919826,0.6811661784656647,gbm_tabular
2015-04-30,0.02601342191077001,0.02530219751443029,0.02245729992907141,0.7112243963397198,gbm_tabular
2015-05-29,0.009891577747508996,0.00915508127486578,0.006209095384292914,0.7364964726432164,gbm_tabular
2015-06-30,0.0002465381924423443,-0.00043727670013505584,-0.0031725362704446564,0.6838148925774001,gbm_tabular
2015-07-31,0.023853695870853172,0.023153100115484757,0.020350717094011088,0.7005957553684171,gbm_tabular
2015-08-31,0.030162227206987535,0.029458514333348708,0.026643662838793394,0.7037128736388283,gbm_tabular
2015-09-30,0.0009537521190522054,0.00020375187614111783,-0.002796249095503232,0.7500002429110875,gbm_tabular
2015-10-30,-0.016182661578735467,-0.016942249958682792,-0.019980603478472102,0.7595883799473269,gbm_tabular
2015-11-30,0.01707717640828782,0.016373839854626215,0.013560493639979795,0.703336553661605,gbm_tabular
2015-12-31,0.0546658973852161,0.053979780302950454,0.05123531197388788,0.6861170822656437,gbm_tabular
2016-01-29,0.03588213065377703,0.035159461452601334,0.03226878464789856,0.722669201175693,gbm_tabular
2016-02-29,0.007056764095704434,0.0063232978566044986,0.003389432900204756,0.7334662390999356,gbm_tabular
2016-03-31,-0.02734857374046134,-0.02807303106864738,-0.03097086038139155,0.724457328186042,gbm_tabular
2016-04-29,0.018219594508272596,0.017534896209081847,0.014796103012318845,0.6846982991907504,gbm_tabular
2016-05-31,0.012581528744541869,0.011950677970889572,0.009427274876280386,0.6308507736522966,gbm_tabular
2016-06-30,-0.0026665665217364054,-0.0033377475628601095,-0.006022471727354924,0.6711810411237039,gbm_tabular
2016-07-29,-0.005221975448045585,-0.005922318421655709,-0.008723690316096202,0.7003429736101235,gbm_tabular
2016-08-31,-0.004626475275151399,-0.005297420278732305,-0.007981200293055931,0.6709450035809064,gbm_tabular
2016-09-30,0.032454110008646786,0.03179981636684366,0.02918264179963115,0.6542936418031269,gbm_tabular
2016-10-31,-0.012925945287405892,-0.013586914932979147,-0.016230793515272172,0.6609696455732559,gbm_tabular
2016-11-30,0.009402762207295261,0.008686816360390582,0.005823032972771866,0.715945846904679,gbm_tabular
2016-12-30,0.005278930393253185,0.004630603162906458,0.0020372942415195524,0.6483272303467263,gbm_tabular
2017-01-31,0.002717344470227903,0.002031245688021727,-0.0007131494408029776,0.6860987822061761,gbm_tabular
2017-02-28,0.00916509691176981,0.008522662482317322,0.005952924764507373,0.6424344294524873,gbm_tabular
2017-03-31,0.011934383862815074,0.011280087303583576,0.00866290106665758,0.6542965592314991,gbm_tabular
2017-04-28,0.006641616635671316,0.00605107297787181,0.003688898346673783,0.5905436577995067,gbm_tabular
2017-05-31,-0.005811955219995309,-0.006417097743736028,-0.008837667838698899,0.6051425237407182,gbm_tabular
2017-06-30,0.005849820757866949,0.005236359168861422,0.002782512812839313,0.6134615890055273,gbm_tabular
2017-07-31,0.011421451901139853,0.010826005058364592,0.008444217687263549,0.5954468427752609,gbm_tabular
2017-08-31,-0.007961200982694438,-0.00854702309867666,-0.010890311562605545,0.5858221159822217,gbm_tabular
2017-09-29,0.01609332916199081,0.015515112216039427,0.013202244432233895,0.5782169459513831,gbm_tabular
2017-10-31,0.011380133157439338,0.010738259412071289,0.00817076443059909,0.6418737453680496,gbm_tabular
2017-11-30,-0.0165361073238455,-0.01718738591367052,-0.01979250027297061,0.6512785898250215,gbm_tabular
2017-12-29,-0.004822105111863949,-0.005401188322495227,-0.007717521165020343,0.5790832106312787,gbm_tabular
2018-01-31,-0.01124315567833159,-0.011895589657641037,-0.014505325574878826,0.6524339793094474,gbm_tabular
2018-02-28,0.014021533250041763,0.01337302215795511,0.010778977789608507,0.648511092086651,gbm_tabular
2018-03-29,-0.005656466581905858,-0.006371791623327903,-0.009233091789016082,0.7153250414220447,gbm_tabular
2018-04-30,-0.007687299707470217,-0.008402666379588686,-0.011264133068062569,0.7153666721184702,gbm_tabular
2018-05-31,0.004041995456088051,0.0033242655849468512,0.0004533461003820541,0.7177298711411992,gbm_tabular
2018-06-29,0.010373708484732357,0.009697316077640775,0.0069917464492744415,0.6763924070915831,gbm_tabular
2018-07-31,0.0049548367459439835,0.004289984904336655,0.0016305775379073443,0.6648518416073279,gbm_tabular
2018-08-31,0.01785936429091636,0.0172026370461304,0.014575728066986574,0.6567272447859571,gbm_tabular
2018-09-28,0.04455498807431851,0.04394067717343821,0.041483433569916996,0.614310900880304,gbm_tabular
2018-10-31,0.017033047245113925,0.01637155635383283,0.013725592788708446,0.6614908912810957,gbm_tabular
2018-11-30,0.010677472399182587,0.009987578669321484,0.007228003749877072,0.689893729861103,gbm_tabular
2018-12-31,0.013800115686902929,0.013174737392385295,0.01067322421431476,0.6253782945176337,gbm_tabular
2019-01-31,-0.011181185878709907,-0.011915772883450252,-0.014854120902411633,0.7345870047403452,gbm_tabular
2019-02-28,-0.00276703870477563,-0.0034854799330857377,-0.006359244846326169,0.7184412283101076,gbm_tabular
2019-03-29,0.01699163265423071,0.01628427360020408,0.013454837384097546,0.7073590540266329,gbm_tabular
2019-04-30,0.025677084679477845,0.025017481363815267,0.022379068101164957,0.6596033156625778,gbm_tabular
2019-05-31,-0.009471603925134154,-0.010121579928808569,-0.012721483943506225,0.6499760036744142,gbm_tabular
2019-06-28,0.00017749458280443334,-0.00044955532635362503,-0.0029577549629858585,0.6270499091580584,gbm_tabular
2019-07-31,0.021139703699027363,0.020515771136285027,0.01802004088531568,0.6239325627423365,gbm_tabular
2019-08-30,0.019600973319218472,0.018916923076623533,0.01618072210624378,0.6840502425949386,gbm_tabular
2019-09-30,-0.006796739503519396,-0.007474928697626915,-0.010187685474056993,0.6781891941075194,gbm_tabular
2019-10-31,-0.013526089737428628,-0.014183590383217598,-0.01681359296637347,0.6575006457889685,gbm_tabular
2019-11-29,-0.00466431892911937,-0.005259590100259622,-0.007640674784820634,0.595271171140253,gbm_tabular
2019-12-31,0.03590001775971106,0.03531360672839308,0.03296796260312117,0.5864110313179776,gbm_tabular
2020-01-31,-0.007033289727510988,-0.007715630208543347,-0.010444992132672783,0.6823404810323589,gbm_tabular
2020-02-28,0.01670660554893698,0.015976657650923973,0.013056866058871944,0.729947898013007,gbm_tabular
2020-03-31,-0.021854345332434952,-0.022651134644762868,-0.025838291894074536,0.7967893123279165,gbm_tabular
2020-04-30,-0.013231903017167408,-0.013919353120477427,-0.016669153533717507,0.6874501033100195,gbm_tabular
2020-05-29,-0.01533208125127545,-0.01597230371617139,-0.01853319357575515,0.6402224648959397,gbm_tabular
2020-06-30,-0.0009033141467339424,-0.0016137588085028956,-0.004455537455578709,0.7104446617689533,gbm_tabular
2020-08-31,0.004916047438962358,0.004193251482084257,0.0013020676545718543,0.7227959568781008,gbm_tabular
2020-09-30,0.01285066265076049,0.012203351227115657,0.009614105532536329,0.6473114236448321,gbm_tabular
2020-10-30,-0.006660108470958967,-0.007375539056300851,-0.010237261397668385,0.7154305853418838,gbm_tabular
2020-11-30,-0.008377552158392355,-0.009076228424669354,-0.011870933489777354,0.6986762662769999,gbm_tabular
2020-12-31,-0.04406760160741109,-0.04474538192604938,-0.047456503200602504,0.6777803186382828,gbm_tabular
2021-01-29,0.05629299855539872,0.055569084114615135,0.05267342635148079,0.723914440783585,gbm_tabular
2021-02-26,0.039078295546631045,0.03840192341741383,0.03569643490054496,0.6763721292172178,gbm_tabular
2021-03-31,0.038572560398690406,0.03788782887671461,0.03514890278881142,0.6847315219757972,gbm_tabular
2021-04-30,0.011267862132730183,0.010624997383490525,0.008053538386531894,0.6428647492396576,gbm_tabular
2021-05-28,-0.030613529566472945,-0.031235752238643246,-0.03372464292732445,0.622222672170301,gbm_tabular
2021-06-30,0.060976829247345404,0.060440193163512936,0.05829364882818305,0.5366360838324709,gbm_tabular
2021-07-30,-0.0008701451798725857,-0.0014279977186312145,-0.00365940787366573,0.5578525387586288,gbm_tabular
2021-08-31,-0.006846627011580245,-0.007477491632815879,-0.010000950117758416,0.6308646212356342,gbm_tabular
2021-09-30,0.014896520887483732,0.014312202659381379,0.011974929746971969,0.5843182281023525,gbm_tabular
2021-10-29,0.016792921652688433,0.01614117981935771,0.013534212486034813,0.6517418333307241,gbm_tabular
2021-11-30,0.04512547670670446,0.04445152207369357,0.04175570354165003,0.6739546330108852,gbm_tabular
2021-12-31,0.04066706722480817,0.040006852548645395,0.037365993843994284,0.6602146761627778,gbm_tabular
2022-01-31,-0.03004560451803309,-0.030776661463449782,-0.033700889245116564,0.7310569454166945,gbm_tabular
2022-02-28,0.0076565430692704505,0.006973010623082351,0.004238880838329953,0.6835324461880996,gbm_tabular
2022-03-31,0.03170903528067904,0.031029991400561042,0.02831381588008905,0.6790438801179982,gbm_tabular
2022-04-29,0.02743959102096459,0.026772632861398325,0.024104800223133258,0.6669581595662669,gbm_tabular
2022-05-31,0.03541832273060076,0.03469213943080317,0.031787406231612796,0.7261832997975932,gbm_tabular
2022-06-30,0.014371534774287903,0.013687052132593143,0.010949121565814103,0.68448264169476,gbm_tabular
2022-07-29,-0.005819526261680337,-0.006522732892578475,-0.009335559416171028,0.7032066308981383,gbm_tabular
2022-08-31,0.017176807638094913,0.016500888402229203,0.013797211458766369,0.6759192358657089,gbm_tabular
2022-09-30,0.012558221731893316,0.011926332830642155,0.009398777225637516,0.6318889012511603,gbm_tabular
2022-10-31,0.012013305539182145,0.011304145058801259,0.00846750313727771,0.7091604803808871,gbm_tabular
2022-11-30,0.025234783215095154,0.024533386222931514,0.02172779825427696,0.701396992163639,gbm_tabular
2022-12-30,-0.004780864045202398,-0.00548884298591798,-0.008320758748780306,0.7079789407155818,gbm_tabular
2023-01-31,0.020074828008367046,0.0194054680574675,0.016728028253869317,0.669359950899546,gbm_tabular
2023-02-28,0.018419086554525645,0.01782440720465662,0.015445689805180508,0.5946793498690277,gbm_tabular
2023-03-31,0.02243113206450821,0.021780751393432808,0.0191792287091312,0.6503806710754019,gbm_tabular
2023-04-28,-0.019166577902027124,-0.019841121555506797,-0.02253929616942548,0.6745436534796712,gbm_tabular
2023-05-31,-0.0029542933663866447,-0.0036322101144624684,-0.006343877106765763,0.6779167480758237,gbm_tabular
2023-06-30,-0.030387453372272152,-0.031022500605732778,-0.03356268953957527,0.6350472334606245,gbm_tabular
2023-07-31,0.06253386831542608,0.06197324170807296,0.05973073527866048,0.5606266073531212,gbm_tabular
2023-08-31,0.019717434528950164,0.01916653033739814,0.016962913571190036,0.5509041915520256,gbm_tabular
2023-09-29,0.02154803797094822,0.02099002607735572,0.018757978502985724,0.5580118935924995,gbm_tabular
2023-10-31,-0.009728365811012756,-0.010365858267531265,-0.012915828093605296,0.6374924565185079,gbm_tabular
2023-11-30,-0.03765328602091918,-0.038375378334232574,-0.041263747587486146,0.7220923133133937,gbm_tabular
2023-12-29,0.038032395426050136,0.037449954906752236,0.03512019282956065,0.5824405192978974,gbm_tabular
2024-01-31,-0.020891328742042428,-0.021502791170836724,-0.023948640886013898,0.6114624287942939,gbm_tabular
2024-02-29,0.021048913765224254,0.020493092379545306,0.018269806836829515,0.5558213856789477,gbm_tabular
2024-03-28,0.029176740527181576,0.028622913337150627,0.026407604577026827,0.5538271900309497,gbm_tabular
2024-04-30,-0.004470337208987769,-0.0050403844425954605,-0.007320573377026223,0.5700472336076906,gbm_tabular
2024-05-31,0.02594456806501776,0.025370329562665418,0.02307337555325606,0.5742385023523399,gbm_tabular
2024-06-28,0.008496728942114234,0.007945639530053785,0.005741281881811985,0.5510894120604497,gbm_tabular
2024-07-31,0.03286878231435303,0.0322667081858586,0.02985841167188088,0.6020741284944302,gbm_tabular
2024-08-30,0.005354524868102834,0.004753739999662893,0.0023506005259031296,0.6007848684399408,gbm_tabular
2024-09-30,-0.01095081910742559,-0.011502104081469561,-0.013707243977645452,0.5512849740439721,gbm_tabular
2024-10-31,-0.014095615987920545,-0.014646441617100846,-0.016849744133822054,0.5508256291803018,gbm_tabular
2024-11-29,0.01051753225017979,0.010002542139526057,0.00794258169691113,0.5149901106537318,gbm_tabular
2024-12-31,0.018096202442894394,0.017584914994784512,0.015539765202344982,0.5112874481098824,gbm_tabular
2025-01-31,0.05940136130386897,0.058866217653310085,0.056725643051074554,0.535143650558884,gbm_tabular
2025-02-28,0.041879966209183696,0.0412768151975223,0.0388642111508767,0.6031510116613985,gbm_tabular
2025-03-31,-0.017793337068290213,-0.018403036834199558,-0.02084183589783694,0.609699765909345,gbm_tabular
2025-04-30,-0.017910063756191086,-0.01852335437104709,-0.02097651683047112,0.6132906148560069,gbm_tabular
2025-05-30,-0.03318135518228232,-0.033785159648589566,-0.03620037751381857,0.6038044663072509,gbm_tabular
2025-06-30,-0.023313688967390115,-0.02386943596536384,-0.02609242395725874,0.5557469979737254,gbm_tabular
2025-07-31,-0.014183431092903103,-0.014752050291898708,-0.017026527087881126,0.5686191989956044,gbm_tabular
2025-08-29,-0.019156130812846468,-0.019717322162278506,-0.02196208756000666,0.5611913494320389,gbm_tabular
2006-01-31,0.011279787327061747,0.010779787327061746,0.008779787327061746,0.5,surface_ridge
2006-02-28,0.0003581416908901864,-0.0003417783414854499,-0.003141458470987995,0.6999200323756363,surface_ridge
2006-03-31,-0.0036468015529211254,-0.004317204108450131,-0.00699881433056615,0.670402555529005,surface_ridge
2006-04-28,0.010842442184255601,0.010169001665568776,0.007475239590821475,0.6734405186868251,surface_ridge
2006-05-31,0.007492910596064599,0.006827622763164819,0.0041664714315656996,0.6652878328997799,surface_ridge
2006-06-30,0.036332877511969244,0.03563576966126968,0.03284733825847143,0.6971078506995627,surface_ridge
2006-07-31,0.00994641337526513,0.009268288736407195,0.006555790180975459,0.678124638857934,surface_ridge
2006-08-31,-0.0006822693965307473,-0.0013706360677840299,-0.0041241027527971616,0.6883666712532828,surface_ridge
2006-09-29,-0.0017416186881248387,-0.0024073957576400697,-0.005070504035700994,0.665777069515231,surface_ridge
2006-10-31,0.0049625656276091985,0.00423939860724904,0.0013467305258084094,0.7231670203601579,surface_ridge
2006-11-30,0.01549696633517327,0.014783734349680456,0.0119308064077092,0.7132319854928142,surface_ridge
2006-12-29,-0.0014449623918844391,-0.002150635261466787,-0.004973326739796179,0.7056728695823481,surface_ridge
2007-01-31,0.007126695647129442,0.006408213318954259,0.0035342840062535285,0.7184823281751826,surface_ridge
2007-02-28,0.0030744442169272465,0.0023602780254003094,-0.0004963867407074382,0.7141661915269369,surface_ridge
2007-03-30,-0.007527255043077453,-0.008245545428179499,-0.011118706968587681,0.7182903851020458,surface_ridge
2007-04-30,0.0047927275809025015,0.004106618701873791,0.001362183185758949,0.6861088790287105,surface_ridge
2007-05-31,-0.0015320559531932483,-0.0022358766641716694,-0.005051159508085353,0.703820710978421,surface_ridge
2007-06-29,0.0020401103955470863,0.00136323366835895,-0.0013442732403935952,0.6768767271881363,surface_ridge
2007-07-31,0.015975650128097013,0.015256698827225895,0.012380893623741424,0.7189513008711179,surface_ridge
2007-08-31,-0.005303097268766144,-0.00604321639598839,-0.009003692904877373,0.7401191272222456,surface_ridge
2007-09-28,-0.008761412402060994,-0.00947355878588591,-0.012322144321185573,0.7121463838249159,surface_ridge
2007-10-31,-0.014441769444720889,-0.01517015838145919,-0.018083714128412393,0.728388936738301,surface_ridge
2007-11-30,0.0021863807617909905,0.00146667060427057,-0.0014121700258111118,0.7197101575204206,surface_ridge
2007-12-31,0.02302502370441815,0.022332654827319394,0.019563179318924373,0.6923688770987554,surface_ridge
2008-01-31,0.020244812877708133,0.019515682339523832,0.016599160186786633,0.7291305381843002,surface_ridge
2008-02-29,0.027524999076556943,0.0268701323748145,0.024250665567844727,0.6548667017424431,surface_ridge
2008-03-31,0.009989709853220143,0.00933932877152049,0.0067378044447218835,0.650381081699652,surface_ridge
2008-04-30,0.01333903765024622,0.012678313117116025,0.01003541498459525,0.660724533130194,surface_ridge
2008-05-30,0.016700959130894175,0.016035214495819936,0.013372235955522976,0.6657446350742395,surface_ridge
2008-06-30,0.012826131540580973,0.01217744204133434,0.009582684044347808,0.6486894992466332,surface_ridge
2008-07-31,0.003746596642153217,0.0031020197669066243,0.0005237122659202532,0.6445768752465928,surface_ridge
2008-08-29,0.04364042588410255,0.04302323200098281,0.04055445646850385,0.6171938831197398,surface_ridge
2008-09-30,0.016713581533009482,0.01603110995826057,0.013301223659264921,0.6824715747489121,surface_ridge
2008-10-31,0.04475420225666164,0.04399266013038385,0.04094649162527268,0.7615421262777918,surface_ridge
2008-11-28,0.012497402617217346,0.0117797851947446,0.008909315504853613,0.7176174224727467,surface_ridge
2008-12-31,0.04091845967977392,0.040196689135281724,0.03730960695731292,0.7217705444922006,surface_ridge
2009-01-30,0.016414298064977084,0.01569060660543994,0.012795840767291372,0.7236914595371422,surface_ridge
2009-02-27,-0.007747505459491268,-0.00844790678149221,-0.011249512069495971,0.7004013220009406,surface_ridge
2009-03-31,-0.03722331538456247,-0.037887073785725776,-0.040542107390379,0.6637584011633052,surface_ridge
2009-04-30,-0.011087118162615586,-0.011750813605971067,-0.014405595379392995,0.6636954433554817,surface_ridge
2009-05-29,0.011637166043255088,0.010969466834082883,0.008298669997394068,0.6676992091722038,surface_ridge
2009-06-30,-0.011295189663252471,-0.01193928127529437,-0.014515647723461964,0.6440916120418986,surface_ridge
2009-07-31,-0.009208621171960769,-0.00987654111281156,-0.01254822087621472,0.6679199408507901,surface_ridge
2009-08-31,-0.01026005819174644,-0.01092989539109221,-0.013609244188475283,0.6698371993457686,surface_ridge
2009-09-30,0.013756777804545855,0.013035834836316693,0.010152062963400045,0.7209429682291618,surface_ridge
2009-10-30,-0.006294923724763904,-0.007048042596174482,-0.010060518081816792,0.7531188714105777,surface_ridge
2009-11-30,0.012144416063183958,0.011372944181401137,0.008287056654269848,0.7714718817828219,surface_ridge
2009-12-31,0.010207425135333226,0.009438813333238434,0.006364366124859267,0.7686118020947919,surface_ridge
2010-01-29,-0.0025739507913167437,-0.0033125363425416323,-0.006266878547441186,0.7385855512248884,surface_ridge
2010-02-26,0.0005602281569286041,-0.00015940632689149202,-0.003037944262171876,0.7196344838200961,surface_ridge
2010-03-31,-0.000985808633963677,-0.0017178064897613698,-0.004645797912952141,0.7319978557976927,surface_ridge
2010-04-30,0.022197522252864737,0.021491245797126725,0.018666139974174677,0.7062764557380123,surface_ridge
2010-05-28,0.0179369688613058,0.01720914622462647,0.014297855677909145,0.7278226366793306,surface_ridge
2010-06-30,-0.010571940951885902,-0.011324155014596505,-0.01433301126543892,0.7522140627106038,surface_ridge
2010-07-30,0.0052147738142088096,0.004471406208549294,0.001497935785911233,0.7433676056595153,surface_ridge
2010-08-31,0.008187446322729271,0.007456048459868136,0.004530457008423592,0.7313978628611358,surface_ridge
2010-09-30,0.006736372079952893,0.006018196057254758,0.0031454919664622195,0.7181760226981347,surface_ridge
2010-10-29,0.0006685547211407849,-0.00006805816382153887,-0.0030145097036708337,0.7366128849623237,surface_ridge
2010-11-30,0.004448667703177217,0.0036931920253753057,0.0006712893141676609,0.7554756778019112,surface_ridge
2010-12-31,0.00896587217103972,0.00821877212202782,0.0052303719259802145,0.7471000490119012,surface_ridge
2011-01-31,0.0009503598409512387,0.00015540967568921727,-0.0030243909853588683,0.7949501652620213,surface_ridge
2011-02-28,-0.00944642417206201,-0.010170661273185713,-0.01306760967768052,0.7242371011237019,surface_ridge
2011-03-31,0.0019313892488189933,0.0011997258805747542,-0.0017269275924022022,0.731663368244239,surface_ridge
2011-04-29,-0.002879811686273932,-0.0036106949434781283,-0.006534227972294914,0.7308832572041963,surface_ridge
2011-05-31,0.004383490272156028,0.003669411442101711,0.0008130961218844432,0.7140788300543169,surface_ridge
2011-06-30,-0.00028364031937032396,-0.0009922794898954246,-0.003826836171995827,0.7086391705251006,surface_ridge
2011-07-29,0.01517193372934695,0.014467469814478736,0.011649614155005884,0.704463914868213,surface_ridge
2011-08-31,0.0077801632570976866,0.007062796236928248,0.004193328156250495,0.7173670201694384,surface_ridge
2011-09-30,0.005470745355255816,0.004795481940302107,0.0020944282804872694,0.6752634149537093,surface_ridge
2011-10-31,0.003815071604615552,0.0030622713037425087,0.00005107010025033566,0.7528003008730433,surface_ridge
2011-11-30,0.0025529816873465,0.0018087690318729433,-0.001168081590021285,0.744212655473557,surface_ridge
2011-12-30,-0.012189559429617036,-0.012922714653586392,-0.015855335549463813,0.7331552239693555,surface_ridge
2012-01-31,-0.016214613787992493,-0.016950541466568825,-0.019894252180874143,0.7359276785763302,surface_ridge
2012-02-29,0.002972417235259536,0.0022455855650020955,-0.0006617411160276675,0.7268316702574407,surface_ridge
2012-03-30,0.00047151651640760846,-0.00027481756799649,-0.003260153905612884,0.7463340844040985,surface_ridge
2012-04-30,0.005728357099192363,0.005002871610129179,0.0021009296538764427,0.7254854890631842,surface_ridge
2012-05-31,-0.0020056841673563685,-0.0027174193351907267,-0.005564360006528159,0.7117351678343582,surface_ridge
2012-06-29,0.015244719278173245,0.014513335596720961,0.011587800870911822,0.7313836814522845,surface_ridge
2012-07-31,-0.00016077969379433166,-0.0009206899062674504,-0.003960330756159926,0.7599102124731189,surface_ridge
2012-08-31,0.006878013084418754,0.006137955611018232,0.0031777257174161475,0.7400574734005213,surface_ridge
2012-09-28,0.0019925134909827787,0.0012813459898699015,-0.0015633240145816077,0.7111675011128773,surface_ridge
2012-10-31,0.006955040259531284,0.006206569394051489,0.003212685932132311,0.7484708654797946,surface_ridge
2012-11-30,-0.004650871623461212,-0.005403466595936802,-0.00841384648583916,0.7525949724755893,surface_ridge
2012-12-31,0.0026934143013925852,0.0019414953316627503,-0.001066180547256589,0.7519189697298349,surface_ridge
2013-01-31,0.008020426563980927,0.00725748368612438,0.004205712174698191,0.7629428778565472,surface_ridge
2013-02-28,0.0004505229364795358,-0.00026765210674864633,-0.0031403522796613747,0.7181750432281822,surface_ridge
2013-03-28,-0.00527341853919858,-0.00597719523541116,-0.008792302020261477,0.7037766962125792,surface_ridge
2013-04-30,-0.0018123272167817018,-0.0025293459351668503,-0.005397420808707445,0.7170187183851484,surface_ridge
2013-05-31,-0.003327186900305561,-0.004047698091194487,-0.00692974285475019,0.7205111908889258,surface_ridge
2013-06-28,0.0029917768643161874,0.0022987133597532077,-0.0004735406584987123,0.6930635045629799,surface_ridge
2013-07-31,0.0024519072485794605,0.0017778947147652421,-0.0009181554204916315,0.6740125338142184,surface_ridge
2013-08-30,0.0012860612623580216,0.000568056206377177,-0.002303964017546202,0.7180050559808446,surface_ridge
2013-09-30,0.006702656314781346,0.0059839859032031146,0.0031093042568901864,0.718670411578232,surface_ridge
2013-10-31,0.0022979867888651786,0.0015502142703961177,-0.001440875803480127,0.7477725184690611,surface_ridge
2013-11-29,0.007128118485341851,0.0063740604515239345,0.0033578283162522702,0.7540580338179161,surface_ridge
2013-12-31,-0.003012417348955445,-0.0037418908902023687,-0.006659785055190062,0.7294735412469234,surface_ridge
2014-01-31,-0.005871119795683768,-0.0065928995197532415,-0.009480018416031133,0.721779724069473,surface_ridge
2014-02-28,0.01221472509196184,0.011525337798991366,0.008767788627109474,0.6893872929704733,surface_ridge
2014-03-31,0.013854235866865188,0.013161552013227622,0.010390816598677358,0.692683853637566,surface_ridge
2014-04-30,-0.0005698159786428636,-0.0012445176280435062,-0.003943324225646077,0.6747016494006427,surface_ridge
2014-05-30,-0.0021033865116809273,-0.0028147073721617234,-0.005659990814084908,0.7113208604807961,surface_ridge
2014-06-30,0.003355634055402882,0.002646225269494464,-0.00019140987413920766,0.7094087859084179,surface_ridge
2014-07-31,-0.0022638637733535544,-0.0029681348084441644,-0.005785218948806605,0.7042710350906101,surface_ridge
2014-08-29,0.010123766393487846,0.009437771073406863,0.0066937897930829365,0.685995320080982,surface_ridge
2014-09-30,0.011585707016272076,0.01089101181908567,0.00811223103034004,0.6946951971864073,surface_ridge
2014-10-31,0.011844252407223749,0.011114717530850523,0.008196578025357618,0.7295348763732262,surface_ridge
2014-11-28,0.010268936979384231,0.009540756583650148,0.00662803500071382,0.7281803957340822,surface_ridge
2014-12-31,-0.012844872461485184,-0.013582394499599472,-0.01653248265205663,0.7375220381142891,surface_ridge
2015-01-30,0.006012744595168906,0.005284811651439155,0.0023730798765201518,0.7279329437297508,surface_ridge
2015-02-27,-0.0018204635359612938,-0.002535036868450461,-0.005393330198407129,0.7145733324891671,surface_ridge
2015-03-31,0.002424429005185286,0.0017100353349348769,-0.001147539346066759,0.714393670250409,surface_ridge
2015-04-30,0.003879938752966352,0.003159547583554252,0.00027798290590585204,0.7203911694120999,surface_ridge
2015-05-29,0.0050302782435759155,0.004330927661942651,0.0015335253354095938,0.6993505816332644,surface_ridge
2015-06-30,0.003226006054348629,0.0025100488662810738,-0.0003537798859891469,0.7159571880675552,surface_ridge
2015-07-31,-0.0018691762300704433,-0.0025767558136271054,-0.005407074147853755,0.7075795835566622,surface_ridge
2015-08-31,0.026769141108037346,0.0260180217764023,0.023013544449862117,0.7511193316350461,surface_ridge
2015-09-30,0.008460050814190132,0.007736995987980339,0.004844776683141164,0.7230548262097936,surface_ridge
2015-10-30,0.005946747956783519,0.0052145333801621625,0.0022856750736767353,0.7322145766213568,surface_ridge
2015-11-30,0.0017866522265383817,0.0010566696684643502,-0.001863260563831776,0.7299825580740316,surface_ridge
2015-12-31,0.02481465531698738,0.024091768412246285,0.02120022079328191,0.7228869047410935,surface_ridge
2016-01-29,0.0011536847689421394,0.00040744932975087694,-0.002577492427014173,0.7462354391912625,surface_ridge
2016-02-29,-0.005992177252881906,-0.00669187363778569,-0.009490659177400825,0.699696384903784,surface_ridge
2016-03-31,-0.007859235862562233,-0.008586451764525773,-0.011495315372379931,0.7272159019635399,surface_ridge
2016-04-29,0.006544304624039344,0.005838109528960077,0.003013329148643009,0.706195095079267,surface_ridge
2016-05-31,-0.003277465036614957,-0.003990350209306174,-0.0068418909000710435,0.7128851726912173,surface_ridge
2016-06-30,-0.00013972949057173049,-0.0008639806484224632,-0.0037609852798253943,0.7242511578507327,surface_ridge
2016-07-29,-0.0008656271556862979,-0.0015707470401696976,-0.004391226578103296,0.7051198844833997,surface_ridge
2016-08-31,-0.009798411209172877,-0.010496337637811132,-0.013288043352364153,0.6979264286382552,surface_ridge
2016-09-30,0.01975722784240303,0.0190514087222768,0.016228132241771866,0.7058191201262334,surface_ridge
2016-10-31,0.011193038558042994,0.010435906870233127,0.007407380118993655,0.7571316878098677,surface_ridge
2016-11-30,0.010933633613944414,0.010202793884620002,0.0072794349673223555,0.7308397293244119,surface_ridge
2016-12-30,-0.006005561201710552,-0.006728156996197244,-0.009618540174144014,0.7225957944866921,surface_ridge
2017-01-31,-0.009709767328473007,-0.010388100626467004,-0.01310143381844299,0.6783332979939967,surface_ridge
2017-02-28,0.003278143621794756,0.002568547305843031,-0.00026983795796386946,0.7095963159517251,surface_ridge
2017-03-31,0.006111748187764472,0.005379148044840126,0.0024487474731427436,0.7326001429243456,surface_ridge
2017-04-28,-0.009700223694364275,-0.010396845390235693,-0.013183332173721363,0.6966216958714175,surface_ridge
2017-05-31,-0.00040673404701534535,-0.0010947490049083904,-0.0038468088364805703,0.688014957893045,surface_ridge
2017-06-30,0.0032800192756631185,0.0026065459282744274,-0.00008734746128033705,0.6734733473886911,surface_ridge
2017-07-31,0.005766942949978744,0.005073090525647674,0.0022976808283233976,0.6938524243310693,surface_ridge
2017-08-31,0.0260603063847196,0.025405708395460757,0.0227873164384254,0.6545979892588398,surface_ridge
2017-09-29,0.011370413980924272,0.010674987990552548,0.007893284029065658,0.6954259903717228,surface_ridge
2017-10-31,0.0011626329065717485,0.00047033960224843673,-0.00229883361504481,0.6922933043233117,surface_ridge
2017-11-30,-0.009788548181418229,-0.01050255217674647,-0.013358568158059438,0.7140039953282418,surface_ridge
2017-12-29,-0.0012868458005642928,-0.0019052040029763513,-0.004378636812624586,0.6183582024120585,surface_ridge
2018-01-31,0.0004254134043477475,-0.00024745658995404044,-0.002938936567161192,0.672869994301788,surface_ridge
2018-02-28,0.008526019190918823,0.007874361065613615,0.005267728564392785,0.6516581253052075,surface_ridge
2018-03-29,0.0006942797645780241,0.0000695512317562232,-0.00242936289953098,0.6247285328218009,surface_ridge
2018-04-30,-0.0016608825004450355,-0.0022647490965513883,-0.0046802154809768,0.6038665961063527,surface_ridge
2018-05-31,-0.0035213307452846435,-0.00415294865863105,-0.006679420312016676,0.6316179133464064,surface_ridge
2018-06-29,0.006520030824500373,0.00589931072565205,0.0034164303302587577,0.620720098848323,surface_ridge
2018-07-31,-0.011162763435934552,-0.011767788568564608,-0.014187889099084831,0.6050251326300559,surface_ridge
2018-08-31,0.016726352805178504,0.016115823574101105,0.013673706649791508,0.6105292310773993,surface_ridge
2018-09-28,0.01811608443270904,0.017511796845872864,0.015094646498528168,0.6042875868361742,surface_ridge
2018-10-31,0.011797462418936111,0.011173493174636484,0.008677616197437973,0.6239692442996277,surface_ridge
2018-11-30,0.015816892635297234,0.01517245286614867,0.012594693789554415,0.6444397691485638,surface_ridge
2018-12-31,-0.015995410411938315,-0.016662099322132758,-0.019328854962910536,0.6666889101944444,surface_ridge
2019-01-31,0.003504075517268313,0.0028310584129445024,0.00013898999564926134,0.6730171043238103,surface_ridge
2019-02-28,-0.012678440493129755,-0.013382152446233841,-0.016197000258650184,0.7037119531040856,surface_ridge
2019-03-29,0.01543622347698924,0.014826488109281987,0.012387546638452976,0.609735367707253,surface_ridge
2019-04-30,0.01614712757389802,0.015567045956146079,0.013246719485138312,0.5800816177519417,surface_ridge
2019-05-31,-0.005796236036170993,-0.00641636289090927,-0.008896870309862377,0.6201268547382768,surface_ridge
2019-06-28,0.00891708199503058,0.008305190951915366,0.005857626779454512,0.6118910431152138,surface_ridge
2019-07-31,0.0034763616210332663,0.0028531468298078934,0.0003602876649064029,0.6232147912253727,surface_ridge
2019-08-30,0.010023793855777327,0.009420703456327253,0.007008341858526952,0.603090399450075,surface_ridge
2019-09-30,0.003727418036065731,0.0031557171975331935,0.0008689138434030434,0.5717008385325375,surface_ridge
2019-10-31,-0.0005517567765368006,-0.00116085060249272,-0.003597225906316397,0.6090938259559192,surface_ridge
2019-11-29,0.0014345999120969942,0.0008265911928529363,-0.0016054436841232956,0.608008719244058,surface_ridge
2019-12-31,-0.00312783080775316,-0.003694728196730191,-0.005962317752638315,0.566897388977031,surface_ridge
2020-01-31,0.003980583490012089,0.003311505782407846,0.0006351949519908737,0.6690777076042431,surface_ridge
2020-02-28,0.0019231491936608225,0.0011899172015826004,-0.0017430107667302888,0.7332319920782222,surface_ridge
2020-03-31,-0.002549221286801829,-0.0032937788256835548,-0.006272008981210457,0.7445575388817255,surface_ridge
2020-04-30,-0.006276492207928478,-0.006982007188592128,-0.00980406711124673,0.7055149806636504,surface_ridge
2020-05-29,-0.022229069173529396,-0.022931939783018496,-0.025743422220974893,0.7028706094890995,surface_ridge
2020-06-30,0.011484795072838436,0.010791538226295578,0.008018510840124142,0.6932568465428589,surface_ridge
2020-08-31,0.004405288568990278,0.00369903403102285,0.0008740158791531384,0.7062545379674279,surface_ridge
2020-09-30,0.007188858868807326,0.0065209520900304865,0.00384932497492313,0.6679067787768391,surface_ridge
2020-10-30,-0.010903752055016838,-0.011590303344479795,-0.014336508502331622,0.686551289462957,surface_ridge
2020-11-30,-0.0032052150373929654,-0.0038778897778537773,-0.006568588739697026,0.672674740460812,surface_ridge
2020-12-31,-0.0244248442063276,-0.025095313880426687,-0.027777192576823047,0.6704696740990898,surface_ridge
2021-01-29,0.03950882252744049,0.03882654016067585,0.03609741069361726,0.682282366764647,surface_ridge
2021-02-26,0.05478394243196701,0.05413372999502135,0.051532880247238705,0.6502124369456619,surface_ridge
2021-03-31,0.01800657236014732,0.017338469796420685,0.014666059541514146,0.6681025637266347,surface_ridge
2021-04-30,0.02261413996078742,0.021939746443134376,0.019242172372522202,0.6743935176530438,surface_ridge
2021-05-28,-0.02492571785464607,-0.0255989833152551,-0.028292045157691213,0.6732654606090285,surface_ridge
2021-06-30,0.04405250469891517,0.043387500957134915,0.04072748599001392,0.6650037417802499,surface_ridge
2021-07-30,0.0067761299574895205,0.006118933298230649,0.003490146661195164,0.6571966592588713,surface_ridge
2021-08-31,0.013136978352204766,0.012468218486930057,0.009793179025831222,0.6687598652747087,surface_ridge
2021-09-30,0.03560277524835148,0.03493670423395672,0.03227242017637768,0.6660710143947606,surface_ridge
2021-10-29,0.005610555876008037,0.004960156918127761,0.002358561086606656,0.650398957880276,surface_ridge
2021-11-30,0.05173292462601692,0.05109025866388035,0.048519594815334084,0.6426659621365663,surface_ridge
2021-12-31,0.04377636663729806,0.04310070114609813,0.04039803918129841,0.67566549119993,surface_ridge
2022-01-31,-0.0035356463143088974,-0.0042782868622151865,-0.0072488490538403436,0.7426405479062893,surface_ridge
2022-02-28,0.0028301455787435436,0.0021330283719211422,-0.0006554404553684627,0.6971172068224013,surface_ridge
2022-03-31,0.011880838098835778,0.011200385599253028,0.00847857560092203,0.6804524995827496,surface_ridge
2022-04-29,0.019414316772680486,0.018747699172107373,0.016081228769814916,0.6666176005731139,surface_ridge
2022-05-31,0.06249169635503145,0.06182505098296469,0.05915846949469764,0.6666453720667618,surface_ridge
2022-06-30,0.002714522175639004,0.0020481883547436575,-0.0006171469288377266,0.6663338208953461,surface_ridge
2022-07-29,0.0029179093213092923,0.0022718335802099573,-0.000312469384187383,0.6460757410993351,surface_ridge
2022-08-31,0.0054638042253940325,0.004825225328416491,0.002270909740506323,0.6385788969775419,surface_ridge
2022-09-30,0.011406866893843001,0.010736948974173358,0.008057277295494786,0.6699179196696432,surface_ridge
2022-10-31,0.023340706796085443,0.02267780730343209,0.02002620933281868,0.662899492653353,surface_ridge
2022-11-30,0.0038252823317913207,0.0031382882768603644,0.00039031205713653885,0.6869940549309563,surface_ridge
2022-12-30,-0.007531702270733613,-0.008216071437764583,-0.010953548105888469,0.6843691670309711,surface_ridge
2023-01-31,0.005588837254967543,0.00490670559432028,0.002178178951731231,0.6821316606472624,surface_ridge
2023-02-28,0.0016163173508586138,0.0009712420855384111,-0.0016090589757424,0.6450752653202028,surface_ridge
2023-03-31,0.00011584978939811535,-0.0005174825216455685,-0.0030508117658203044,0.6333323110436839,surface_ridge
2023-04-28,-0.017124452453331274,-0.017766442168971462,-0.020334401031532223,0.6419897156401897,surface_ridge
2023-05-31,0.003770018226435622,0.0031008381353458277,0.0004241177709866503,0.6691800910897944,surface_ridge
2023-06-30,-0.001096256671951278,-0.0017321498053134157,-0.004275722338761967,0.6358931333621378,surface_ridge
2023-07-31,0.05162088547975433,0.0509719590927581,0.04837625354477316,0.6489263869962345,surface_ridge
2023-08-31,0.014691225191317978,0.014038629031120044,0.01142824439032831,0.6525961601979335,surface_ridge
2023-09-29,0.02069626215237522,0.01999721050112699,0.01720100389613406,0.6990516512482324,surface_ridge
2023-10-31,0.012263467966117648,0.011559091932276559,0.008741587796912198,0.70437603384109,surface_ridge
2023-11-30,0.0015688044452320119,0.0008731435865403756,-0.0019094998482261701,0.6956608586916364,surface_ridge
2023-12-29,0.010896885896563086,0.010187802556770476,0.00735146919760004,0.7090833397926093,surface_ridge
2024-01-31,-0.004162554628889053,-0.004827555296445446,-0.007487557966671019,0.6650006675563931,surface_ridge
2024-02-29,0.02360425255463708,0.02292895672034839,0.02022777338319363,0.6752958342886894,surface_ridge
2024-03-28,0.024364141597780525,0.02370434041472508,0.021065135682503303,0.6598011830554444,surface_ridge
2024-04-30,0.0038790240821309097,0.003189788438185724,0.0004328458624049815,0.6892356439451857,surface_ridge
2024-05-31,0.01700569654004406,0.016316171097938682,0.013558069329517185,0.6895254421053747,surface_ridge
2024-06-28,0.00001921058586198867,-0.0006719580106618417,-0.0034366323967571625,0.6911685965238303,surface_ridge
2024-07-31,0.014433010280532678,0.01375527567240792,0.011044337239908887,0.677734608124758,surface_ridge
2024-08-30,0.005266932091445645,0.004573040322830763,0.0017974732483712393,0.6938917686148811,surface_ridge
2024-09-30,-0.0145290723898951,-0.01522252044149684,-0.0179963126479038,0.6934480516017405,surface_ridge
2024-10-31,-0.004358113812428678,-0.005065322359382811,-0.007894156547199344,0.7072085469541332,surface_ridge
2024-11-29,-0.012817906351067006,-0.013498428180292375,-0.016220515497193853,0.6805218292253692,surface_ridge
2024-12-31,0.002800821463185744,0.0021266997004463933,-0.0005697873505110091,0.6741217627393505,surface_ridge
2025-01-31,0.021994774811377737,0.021345670375031642,0.01874925262964726,0.649104436346096,surface_ridge
2025-02-28,0.029665177891795923,0.0290332741122011,0.026505658993821807,0.6319037795948228,surface_ridge
2025-03-31,-0.0066231952798931305,-0.007292284350481608,-0.009968640632835514,0.6690890705884769,surface_ridge
2025-04-30,0.002013221293688333,0.0013459203702124614,-0.0013232833236910256,0.6673009234758718,surface_ridge
2025-05-30,0.00021203976210991404,-0.0004627007592239895,-0.0031616628445596032,0.6747405213339035,surface_ridge
2025-06-30,0.00264622102781865,0.0020261269771612756,-0.00045424922546822254,0.6200940506573746,surface_ridge
2025-07-31,0.001027821324287113,0.00035946843990658495,-0.0023139430976155274,0.668352884380528,surface_ridge
2025-08-29,-0.006837760737795871,-0.00749507413258865,-0.010124327711759766,0.657313394792779,surface_ridge
